QUERY: 	I got covid
Ranking	Tweet	Text	Username	Date	URL	Retweets	Likes	Hashtags
 
1	13159	That stove got COVID https://t.co/Q4K3OgKSIA	weszmarsh	Wed Dec 16 22:17:32 +0000 2020	https://twitter.com/twitter/statuses/1339333869905043460	0	0	[]
2	9521	my plug got covid üòíüôÑ	theaveragejooo	Wed Dec 16 22:13:49 +0000 2020	https://twitter.com/twitter/statuses/1339332932935233536	0	0	[]
3	11684	@MustafaSammor OMFG üíÄ you ain‚Äôt got covid no more	kellyanne199720	Wed Dec 16 22:16:02 +0000 2020	https://twitter.com/twitter/statuses/1339333490077278208	0	0	[]
4	13272	JUST GOT MY RESULTS I DONT HAVE COVID WOOHOO	needypov	Wed Dec 16 22:17:41 +0000 2020	https://twitter.com/twitter/statuses/1339333907288895490	0	2	[]
5	9565	Engineer got covid and I got some heat. I-	Only_Gregory	Wed Dec 16 22:13:52 +0000 2020	https://twitter.com/twitter/statuses/1339332945530810371	0	0	[]
6	13397	@perikita74 I don‚Äôt think it‚Äôs Covid just flu, a doctor who‚Äôs sick got Covid tested it was negative	225weightloss	Wed Dec 16 22:17:48 +0000 2020	https://twitter.com/twitter/statuses/1339333936250417153	0	1	[]
7	10369	@JoeBiden A PTA meeting before the Covid scam got more people than any of your rallies.	saposalado	Wed Dec 16 22:14:42 +0000 2020	https://twitter.com/twitter/statuses/1339333154637746178	0	0	[]
8	10472	#Trump-related vendors got millions in #COVID aid ‚Äî while still getting paid by his campaign | https://t.co/aZlegTEk5z https://t.co/M5ZkixMDNV	Tweet_Father	Wed Dec 16 22:14:49 +0000 2020	https://twitter.com/twitter/statuses/1339333182689316866	0	1	[{'text': 'Trump', 'indices': [0, 6]}, {'text': 'COVID', 'indices': [39, 45]}]
9	11135	ion have COVID it‚Äôs up, but i got this damn viral bullshit üôÑ	tationnaa_	Wed Dec 16 22:15:26 +0000 2020	https://twitter.com/twitter/statuses/1339333340168474624	0	0	[]
10	11092	One of my former students who is now a nurse got the COVID vaccine today and that was what did it for me. I‚Äôm sobbing.	Ashley_Dargai	Wed Dec 16 22:15:23 +0000 2020	https://twitter.com/twitter/statuses/1339333328802099200	0	29	[]
11	12038	@trishwithapen @Mosatch8 @katewillett I'm willing to bet less than 20 people out of millions who had Covid got their limbs amputated. Y'all do realizes that viruses trigger many existing problems that lead to crazy symptoms right? That's not unique to Covid you know? That's why viruses are dangerous is	leoncscott543	Wed Dec 16 22:16:22 +0000 2020	https://twitter.com/twitter/statuses/1339333576245075973	0	0	[]
12	11379	"even if a covid bill passes, it will take WEEKS for aid to get to people because the computer system for unemployment is intentionally outdated so it can frustrate people seeking help.

Germany sent out their aid within a day... some said they got it within hours"	Steebie_K	Wed Dec 16 22:15:42 +0000 2020	https://twitter.com/twitter/statuses/1339333406346383360	0	1	[]
13	8598	gc think I got COVID	levitatinglipa	Wed Dec 16 22:12:52 +0000 2020	https://twitter.com/twitter/statuses/1339332693910298624	0	0	[]
14	14406	I already got the COVID vaccine back in March when I was lying on the bathroom floor of a dive bar hugging the toilet and crying after loosing my last job	Mikell_Nash	Wed Dec 16 22:18:51 +0000 2020	https://twitter.com/twitter/statuses/1339334199417987074	0	7	[]
15	4195	@gop Glad @rudyguiIiani Got #covid and I hope all of the Senators are positive Too! #COVID19 Take it serious! #WearAMask	jeffreyfarny	Mon Dec 07 14:49:56 +0000 2020	https://twitter.com/twitter/statuses/1335959735187681285	0	0	[{'text': 'covid', 'indices': [28, 34]}, {'text': 'COVID19', 'indices': [84, 92]}, {'text': 'WearAMask', 'indices': [110, 120]}]
16	139	"@Hbomberguy Last time you released a video we got Covid.

Lord help us for what will happen this time"	Sansom_94	Wed Nov 18 10:19:27 +0000 2020	https://twitter.com/twitter/statuses/1329006296524320768	0	0	[]
17	10450	"‚ÄúWe‚Äôre only going to get tested and this man‚Äôs got a bodyguard with him. My god. COVID ain‚Äôt gonna jump on you dawg, you alright!‚Äù

Montrezl Harrell out here clowning on Anthony Davis ü§£

(via @MONSTATREZZ/ IG) https://t.co/3CYqbQJFsO"	ClutchPointsApp	Wed Dec 16 22:14:47 +0000 2020	https://twitter.com/twitter/statuses/1339333177018523648	12	160	[]
18	10860	"- This Pup isn‚Äôt feeling too well. ü•µ

Still trying to be as optimistic as I can be. Got tested for COVID today. We will see those results in a few days. 

I welcome all the love you can send.

ü•∫ https://t.co/zxgpQLNHCL"	thegaybeaner	Wed Dec 16 22:15:09 +0000 2020	https://twitter.com/twitter/statuses/1339333269809209345	0	4	[]
19	11030	@kaitlynkempen_ Bet the moon‚Äôs even got fucking Covid	PaddyMOliver	Wed Dec 16 22:15:20 +0000 2020	https://twitter.com/twitter/statuses/1339333312704294912	0	0	[]
20	12930	So they knew he had covid lole symptoms and still got on a plane??? Now I do not wish death on nobody, bit if it wasn‚Äôt him it was gone be somebody else because they obviously did not gaf. https://t.co/jz8WJHYyll	CasuallyAllur3	Wed Dec 16 22:17:18 +0000 2020	https://twitter.com/twitter/statuses/1339333809179942915	0	0	[]
QUERY: 	new coronavirus cases
Ranking	Tweet	Text	Username	Date	URL	Retweets	Likes	Hashtags
 
1	16789	Arminfo: 1174 new cases of #coronavirus  infection detected in Armenia https://t.co/ozXteqVVFg	ArmInfo_news	Thu Dec 17 11:35:44 +0000 2020	https://twitter.com/twitter/statuses/1339534742224564227	0	0	[{'text': 'coronavirus', 'indices': [27, 39]}]
2	11808	"Coronavirus in Germany:
- 28,846 new cases
- 762 new deaths

Coronavirus in the UK:
- 25,161 new cases
- 612 new deaths

Coronavirus in France:
- 17,615 new cases
- 289 new deaths

Coronavirus in Italy:
- 17,572 new cases
- 680 new deaths"	worldonalert	Wed Dec 16 22:16:10 +0000 2020	https://twitter.com/twitter/statuses/1339333523900133377	3	18	[]
3	6937	Health Ministry: 984 new #coronavirus cases, 16 new deaths in #Lebanon	MTVEnglishNews	Mon Dec 07 16:22:37 +0000 2020	https://twitter.com/twitter/statuses/1335983060840574977	0	1	[{'text': 'coronavirus', 'indices': [25, 37]}, {'text': 'Lebanon', 'indices': [62, 70]}]
4	14765	"11,953 new cases and 431 new deaths in Poland 

[9:37 GMT] #coronavirus #CoronaVirusUpdate #COVID19 #CoronavirusPandemic"	COVIDLive	Thu Dec 17 09:37:07 +0000 2020	https://twitter.com/twitter/statuses/1339504890251534339	0	0	[{'text': 'coronavirus', 'indices': [59, 71]}, {'text': 'CoronaVirusUpdate', 'indices': [72, 90]}, {'text': 'COVID19', 'indices': [91, 99]}, {'text': 'CoronavirusPandemic', 'indices': [100, 120]}]
5	17703	"5,697 new cases and 107 new deaths in Romania 

[12:18 GMT] #coronavirus #CoronaVirusUpdate #COVID19 #CoronavirusPandemic"	COVIDLive	Thu Dec 17 12:18:24 +0000 2020	https://twitter.com/twitter/statuses/1339545480997552128	0	0	[{'text': 'coronavirus', 'indices': [60, 72]}, {'text': 'CoronaVirusUpdate', 'indices': [73, 91]}, {'text': 'COVID19', 'indices': [92, 100]}, {'text': 'CoronavirusPandemic', 'indices': [101, 121]}]
6	5995	"695 new cases and 17 new deaths in Albania 

[15:51 GMT] #coronavirus #CoronaVirusUpdate #COVID19 #CoronavirusPandemic"	COVIDLive	Mon Dec 07 15:51:15 +0000 2020	https://twitter.com/twitter/statuses/1335975166770368512	0	0	[{'text': 'coronavirus', 'indices': [57, 69]}, {'text': 'CoronaVirusUpdate', 'indices': [70, 88]}, {'text': 'COVID19', 'indices': [89, 97]}, {'text': 'CoronavirusPandemic', 'indices': [98, 118]}]
7	15183	"#Japan reports 3,169 new #coronavirus cases https://t.co/C2HqClrsqD
#Sharjah24 https://t.co/ujLhJmXcrZ"	sharjah24	Thu Dec 17 10:17:14 +0000 2020	https://twitter.com/twitter/statuses/1339514987849658372	0	0	[{'text': 'Japan', 'indices': [0, 6]}, {'text': 'coronavirus', 'indices': [25, 37]}, {'text': 'Sharjah24', 'indices': [68, 78]}]
8	14541	"3,045 new cases and 69 new deaths in Slovakia 

[9:26 GMT] #coronavirus #CoronaVirusUpdate #COVID19 #CoronavirusPandemic"	COVIDLive	Thu Dec 17 09:26:05 +0000 2020	https://twitter.com/twitter/statuses/1339502114637307905	1	0	[{'text': 'coronavirus', 'indices': [59, 71]}, {'text': 'CoronaVirusUpdate', 'indices': [72, 90]}, {'text': 'COVID19', 'indices': [91, 99]}, {'text': 'CoronavirusPandemic', 'indices': [100, 120]}]
9	2770	"Nine deaths, 280 new cases in J&amp;K

#CoronaVirusUpdates #Coronapandemic #Coronavirus #JammuKashmir https://t.co/Bors4h6uZz"	jkmediasocial	Mon Dec 07 13:57:51 +0000 2020	https://twitter.com/twitter/statuses/1335946628876791808	0	8	[{'text': 'CoronaVirusUpdates', 'indices': [39, 58]}, {'text': 'Coronapandemic', 'indices': [59, 74]}, {'text': 'Coronavirus', 'indices': [75, 87]}, {'text': 'JammuKashmir', 'indices': [88, 101]}]
10	5062	"124 new cases and 24 new deaths in Guatemala 

[15:18 GMT] #coronavirus #CoronaVirusUpdate #COVID19 #CoronavirusPandemic"	COVIDLive	Mon Dec 07 15:18:14 +0000 2020	https://twitter.com/twitter/statuses/1335966857464066051	0	0	[{'text': 'coronavirus', 'indices': [59, 71]}, {'text': 'CoronaVirusUpdate', 'indices': [72, 90]}, {'text': 'COVID19', 'indices': [91, 99]}, {'text': 'CoronavirusPandemic', 'indices': [100, 120]}]
11	2623	"1,815 new cases and 28 new deaths in Iraq 

[13:50 GMT] #coronavirus #CoronaVirusUpdate #COVID19 #CoronavirusPandemic"	COVIDLive	Mon Dec 07 13:50:57 +0000 2020	https://twitter.com/twitter/statuses/1335944891076141057	0	0	[{'text': 'coronavirus', 'indices': [56, 68]}, {'text': 'CoronaVirusUpdate', 'indices': [69, 87]}, {'text': 'COVID19', 'indices': [88, 96]}, {'text': 'CoronavirusPandemic', 'indices': [97, 117]}]
12	2375	"7,067 new cases and 17 new deaths in the Netherlands 

[13:39 GMT] #coronavirus #CoronaVirusUpdate #COVID19 #CoronavirusPandemic"	COVIDLive	Mon Dec 07 13:39:57 +0000 2020	https://twitter.com/twitter/statuses/1335942122386677762	0	1	[{'text': 'coronavirus', 'indices': [67, 79]}, {'text': 'CoronaVirusUpdate', 'indices': [80, 98]}, {'text': 'COVID19', 'indices': [99, 107]}, {'text': 'CoronavirusPandemic', 'indices': [108, 128]}]
13	15125	"1,137 new cases and 36 new deaths in Bangladesh 

[10:14 GMT] #coronavirus #CoronaVirusUpdate #COVID19 #CoronavirusPandemic"	COVIDLive	Thu Dec 17 10:14:34 +0000 2020	https://twitter.com/twitter/statuses/1339514315905351681	0	0	[{'text': 'coronavirus', 'indices': [62, 74]}, {'text': 'CoronaVirusUpdate', 'indices': [75, 93]}, {'text': 'COVID19', 'indices': [94, 102]}, {'text': 'CoronavirusPandemic', 'indices': [103, 123]}]
14	3481	"6,557 new cases and 56 new deaths in Serbia 

[14:23 GMT] #coronavirus #CoronaVirusUpdate #COVID19 #CoronavirusPandemic"	COVIDLive	Mon Dec 07 14:23:57 +0000 2020	https://twitter.com/twitter/statuses/1335953195378626560	0	0	[{'text': 'coronavirus', 'indices': [58, 70]}, {'text': 'CoronaVirusUpdate', 'indices': [71, 89]}, {'text': 'COVID19', 'indices': [90, 98]}, {'text': 'CoronavirusPandemic', 'indices': [99, 119]}]
15	15606	"2,485 new cases and 218 new deaths in Austria 

[10:39 GMT] #coronavirus #CoronaVirusUpdate #COVID19 #CoronavirusPandemic"	COVIDLive	Thu Dec 17 10:39:20 +0000 2020	https://twitter.com/twitter/statuses/1339520549475786752	0	0	[{'text': 'coronavirus', 'indices': [60, 72]}, {'text': 'CoronaVirusUpdate', 'indices': [73, 91]}, {'text': 'COVID19', 'indices': [92, 100]}, {'text': 'CoronavirusPandemic', 'indices': [101, 121]}]
16	15439	"2,485 new cases and 218 new deaths in Austria 

[10:31 GMT] #coronavirus #CoronaVirusUpdate #COVID19 #CoronavirusPandemic"	COVIDLive	Thu Dec 17 10:31:02 +0000 2020	https://twitter.com/twitter/statuses/1339518460607549440	0	0	[{'text': 'coronavirus', 'indices': [60, 72]}, {'text': 'CoronaVirusUpdate', 'indices': [73, 91]}, {'text': 'COVID19', 'indices': [92, 100]}, {'text': 'CoronavirusPandemic', 'indices': [101, 121]}]
17	732	"1,383 new cases and 98 new deaths in Greece 

[17:00 GMT] #coronavirus #CoronaVirusUpdate #COVID19 #CoronavirusPandemic"	COVIDLive	Sat Dec 05 17:00:47 +0000 2020	https://twitter.com/twitter/statuses/1335267890635935745	0	0	[{'text': 'coronavirus', 'indices': [58, 70]}, {'text': 'CoronaVirusUpdate', 'indices': [71, 89]}, {'text': 'COVID19', 'indices': [90, 98]}, {'text': 'CoronavirusPandemic', 'indices': [99, 119]}]
18	18914	"4,034 new cases and 17 new deaths in Denmark 

[13:13 GMT] #coronavirus #CoronaVirusUpdate #COVID19 #CoronavirusPandemic"	COVIDLive	Thu Dec 17 13:13:29 +0000 2020	https://twitter.com/twitter/statuses/1339559342530584576	0	0	[{'text': 'coronavirus', 'indices': [59, 71]}, {'text': 'CoronaVirusUpdate', 'indices': [72, 90]}, {'text': 'COVID19', 'indices': [91, 99]}, {'text': 'CoronavirusPandemic', 'indices': [100, 120]}]
19	2740	"437 new cases and 60 new deaths in Bosnia and Herzegovina 

[13:56 GMT] #coronavirus #CoronaVirusUpdate #COVID19 #CoronavirusPandemic"	COVIDLive	Mon Dec 07 13:56:27 +0000 2020	https://twitter.com/twitter/statuses/1335946275750080518	0	0	[{'text': 'coronavirus', 'indices': [72, 84]}, {'text': 'CoronaVirusUpdate', 'indices': [85, 103]}, {'text': 'COVID19', 'indices': [104, 112]}, {'text': 'CoronavirusPandemic', 'indices': [113, 133]}]
20	5676	"13,007 new cases and 102 new deaths in the United States 

[15:40 GMT] #coronavirus #CoronaVirusUpdate #COVID19 #CoronavirusPandemic"	COVIDLive	Mon Dec 07 15:40:14 +0000 2020	https://twitter.com/twitter/statuses/1335972393332961282	0	0	[{'text': 'coronavirus', 'indices': [71, 83]}, {'text': 'CoronaVirusUpdate', 'indices': [84, 102]}, {'text': 'COVID19', 'indices': [103, 111]}, {'text': 'CoronavirusPandemic', 'indices': [112, 132]}]
QUERY: 	covid vaccine
Ranking	Tweet	Text	Username	Date	URL	Retweets	Likes	Hashtags
 
1	12623	Covid vaccine tomorrow!!! Wahoo!!!	SassyRedGurl	Wed Dec 16 22:16:59 +0000 2020	https://twitter.com/twitter/statuses/1339333729030909958	0	1	[]
2	12879	"COVID vaccines arrive at VCH and immunizations are underway. #drivekmj
https://t.co/zx4jiRpRa6"	DriveKMJ	Wed Dec 16 22:17:15 +0000 2020	https://twitter.com/twitter/statuses/1339333797763014658	0	0	[{'text': 'drivekmj', 'indices': [61, 70]}]
3	8580	Are we taking  covid vaccine frfr	Tori_Tosh	Wed Dec 16 22:12:51 +0000 2020	https://twitter.com/twitter/statuses/1339332687765655560	0	0	[]
4	14394	The John Williams NewsClick: The COVID vaccine https://t.co/wpmKk7aNaB	WGNRadio	Wed Dec 16 22:18:50 +0000 2020	https://twitter.com/twitter/statuses/1339334194934272006	1	0	[]
5	10328	Put the covid vaccine in the percs	tokyo_bradshaw	Wed Dec 16 22:14:40 +0000 2020	https://twitter.com/twitter/statuses/1339333145372594186	0	0	[]
6	100	"The Global Race For COVID Vaccine By Reuben Abati
https://t.co/nUpqbR7uiD https://t.co/1hvVuMPXfh"	naija_reports	Wed Nov 18 10:19:18 +0000 2020	https://twitter.com/twitter/statuses/1329006258087727106	0	0	[]
7	11281	Protect yourself from COVID vaccine scams | #onlinescams | #scams |¬†#internetscams https://t.co/r0dUHfn9Fq	NcsVentures	Wed Dec 16 22:15:36 +0000 2020	https://twitter.com/twitter/statuses/1339333382191329283	0	0	[{'text': 'onlinescams', 'indices': [44, 56]}, {'text': 'scams', 'indices': [59, 65]}, {'text': 'internetscams', 'indices': [68, 82]}]
8	7903	Just scheduled myself to get the covid vaccine	QueeneyFeeney	Wed Dec 16 22:12:06 +0000 2020	https://twitter.com/twitter/statuses/1339332500926181376	0	0	[]
9	11446	Teachers Should Get the Covid Vaccine First - WSJ https://t.co/Uk7QECeqXr	michaeldrich	Wed Dec 16 22:15:46 +0000 2020	https://twitter.com/twitter/statuses/1339333425069662209	0	5	[]
10	1262	"Mandatory Covid Vaccine Coming SOON! #coronavirus üíâüíâüíâ
https://t.co/2ap6IPt4KV"	PatriotLisa777	Mon Dec 07 12:53:45 +0000 2020	https://twitter.com/twitter/statuses/1335930494953918467	0	0	[{'text': 'coronavirus', 'indices': [37, 49]}]
11	11283	Weird those were the same symptoms when i had COVID. Is the vaccine like smallpox, a live vaccine???? COVID-19 Vaccine Trial Volunteers Note Occasional Harsh Side Effects | The Daily Wire https://t.co/dOQFPsYJ8M	Martym226	Wed Dec 16 22:15:36 +0000 2020	https://twitter.com/twitter/statuses/1339333382497505280	0	0	[]
12	19226	"Reaction to Covid vaccine! üòÇ https://t.co/u3lirGSpxI
#coronavirus #vaccine #COVID19 #CovidVaccine"	jcookess	Thu Dec 17 13:25:47 +0000 2020	https://twitter.com/twitter/statuses/1339562438606401537	0	0	[{'text': 'coronavirus', 'indices': [53, 65]}, {'text': 'vaccine', 'indices': [66, 74]}, {'text': 'COVID19', 'indices': [75, 83]}, {'text': 'CovidVaccine', 'indices': [84, 97]}]
13	10246	U.S. #Healthcare Worker Suffers Severe Allergic Reaction To COVID Vaccine https://t.co/PjSEkHOGU7	wtam1100	Wed Dec 16 22:14:35 +0000 2020	https://twitter.com/twitter/statuses/1339333127685230593	0	0	[{'text': 'Healthcare', 'indices': [5, 16]}]
14	9300	First it was Covid, then 5G and now you're against the vaccine?ü§¶‚Äç‚ôÇÔ∏è https://t.co/ZEqOX5Rpv2	Farouq_Siyi	Wed Dec 16 22:13:35 +0000 2020	https://twitter.com/twitter/statuses/1339332875125186560	0	1	[]
15	14228	@ShyChump @bette_oh Vaccines have always been fucked up. The same ingredients in covid are in every other vaccine. Vaccine manufacturers haven‚Äôt been liable since 1986.	gjamieleee	Wed Dec 16 22:18:40 +0000 2020	https://twitter.com/twitter/statuses/1339334154140397568	0	0	[]
16	11719	"SICK...SICK...SICK!

US bishops endorse abortion-tainted COVID vaccine: ‚Äòan act of love of our neighbor‚Äô | News | LifeSite https://t.co/PJvgNnoMFw"	PatriciaBride	Wed Dec 16 22:16:04 +0000 2020	https://twitter.com/twitter/statuses/1339333499904520193	0	0	[]
17	346	Modi should focus on strategy on Covid vaccine, instead of publicity:¬†Cong https://t.co/nEsWUwUHi5	INDdotNews	Sat Nov 28 09:43:14 +0000 2020	https://twitter.com/twitter/statuses/1332621059959435266	0	0	[]
18	13652	Normal vaccines are boring, I want my covid antibodies in the form of a gold ball sized suppository. #butt #vaccine #treasurehole	gluten_yung	Wed Dec 16 22:18:04 +0000 2020	https://twitter.com/twitter/statuses/1339334001895616516	0	0	[{'text': 'butt', 'indices': [101, 106]}, {'text': 'vaccine', 'indices': [107, 115]}, {'text': 'treasurehole', 'indices': [116, 129]}]
19	9707	@natalie_allison @GovBillLee Maybe he was busy packing the storage unit with the COVID vaccine.	Rpdmem1804	Wed Dec 16 22:14:00 +0000 2020	https://twitter.com/twitter/statuses/1339332978544156672	0	2	[]
20	5933	"Damn, the world out here doing a COVID vaccine speedrun

#COVID19 #coronavirus"	jdr_rose	Mon Dec 07 15:49:16 +0000 2020	https://twitter.com/twitter/statuses/1335974666742222848	0	0	[{'text': 'COVID19', 'indices': [57, 65]}, {'text': 'coronavirus', 'indices': [66, 78]}]
QUERY: 	country with more cases
Ranking	Tweet	Text	Username	Date	URL	Retweets	Likes	Hashtags
 
1	19369	California is now reporting more #coronavirus cases than most countries. Yesterday more than 53-thousand new cases were reported, the most statewide by far. Another record, 293 new deaths reported.	LauraGarciaNBC	Thu Dec 17 13:30:00 +0000 2020	https://twitter.com/twitter/statuses/1339563500000178179	4	12	[{'text': 'coronavirus', 'indices': [33, 45]}]
2	5466	"377 more COVID-19 cases detected, bringing the total number of cases reported today to 703. Total infections in the country increases to 28,580.
#SriLanka #lka #coronavirus #COVID19"	newsradiolk	Mon Dec 07 15:32:37 +0000 2020	https://twitter.com/twitter/statuses/1335970476183625729	5	1	[{'text': 'SriLanka', 'indices': [145, 154]}, {'text': 'lka', 'indices': [155, 159]}, {'text': 'coronavirus', 'indices': [160, 172]}, {'text': 'COVID19', 'indices': [173, 181]}]
3	6123	"377 more COVID-19 cases detected, bringing the total number of cases reported today to 703. Total infections in the country increases to 28,580.
#SriLanka #lka #coronavirus #COVID19 #COVID19SL #COVID19LK"	imSVithu02	Mon Dec 07 15:56:21 +0000 2020	https://twitter.com/twitter/statuses/1335976450592161799	2	1	[{'text': 'SriLanka', 'indices': [145, 154]}, {'text': 'lka', 'indices': [155, 159]}, {'text': 'coronavirus', 'indices': [160, 172]}, {'text': 'COVID19', 'indices': [173, 181]}, {'text': 'COVID19SL', 'indices': [182, 192]}, {'text': 'COVID19LK', 'indices': [193, 203]}]
4	5543	"Peliyagoda - Diwulapitiya cluster exceeds 25,000
377 more COVID-19 cases detected, bringing the total number of cases reported today to 703. Total infections in the country increases to 28,580. Cluster - 25,025
#SriLanka #lka #coronavirus #COVID19 #COVID19SL #COVID19LK"	ranganashamil	Mon Dec 07 15:35:24 +0000 2020	https://twitter.com/twitter/statuses/1335971179085983745	3	3	[{'text': 'SriLanka', 'indices': [211, 220]}, {'text': 'lka', 'indices': [221, 225]}, {'text': 'coronavirus', 'indices': [226, 238]}, {'text': 'COVID19', 'indices': [239, 247]}, {'text': 'COVID19SL', 'indices': [248, 258]}, {'text': 'COVID19LK', 'indices': [259, 269]}]
5	14523	"#COVID19 confirmed cases and deaths reported by countries and areas in the @WHO Western Pacific Region over the past 24 hours.

For more info on #coronavirus cases in the Region, go to our dashboard: https://t.co/qQ2L14iMqi https://t.co/a59djo5a7d"	WHOWPRO	Thu Dec 17 09:24:39 +0000 2020	https://twitter.com/twitter/statuses/1339501754686132226	4	14	[{'text': 'COVID19', 'indices': [0, 8]}, {'text': 'coronavirus', 'indices': [145, 157]}]
6	1872	"12/7/2020 AM #1b: #Covid-19 Cases in USA now 15,161,782 (+176,640, 1.1%)(220,931 Record 12/4/20), 6,014,935 active, 288,962 dead, 26,448 serious or critical, and 8,857,885 recovered
53 countries had over 1,000 new #Covid-19 cases in last 24hrs.
Remember ***** Thanksgiving Week **"	FRC7	Mon Dec 07 13:17:32 +0000 2020	https://twitter.com/twitter/statuses/1335936480406081536	0	0	[{'text': '1b', 'indices': [13, 16]}, {'text': 'Covid', 'indices': [18, 24]}, {'text': 'Covid', 'indices': [214, 220]}]
7	1863	12/7/2020 AM #1a: Now 67,500,624 #Covid-19 Cases in 218 countries (+503,774, 0.7%)(+713,215 Record 12/5/20), 19,260,472 currently infected, 106,229 are serious or critical (0.6%), 1,543,792 dead (2.2% death rate), 46,696,360 recovered.	FRC7	Mon Dec 07 13:17:07 +0000 2020	https://twitter.com/twitter/statuses/1335936377754677250	0	0	[{'text': '1a', 'indices': [13, 16]}, {'text': 'Covid', 'indices': [33, 39]}]
8	8938	"#Brazil registered more than 70,000 additional cases of the novel #coronavirus on Wednesday, the nation's health ministry said, pushing the country's total confirmed cases over 7 million.
https://t.co/xCDVv1peCq"	Jerusalem_Post	Wed Dec 16 22:13:12 +0000 2020	https://twitter.com/twitter/statuses/1339332779180482562	1	6	[{'text': 'Brazil', 'indices': [0, 7]}, {'text': 'coronavirus', 'indices': [66, 78]}]
9	15976	"The #Health Ministry announced 11,953 new confirmed #COVID19 #infections in #Poland, increasing the total number of cases recorded in the country to 1,171,854 including 244,160 still active.
@MZ_GOV_PL 
#COVID19PL #coronavirus #pandemic
More:
https://t.co/K17YnsZOWt https://t.co/zr2yatW8qY"	Polandin_com	Thu Dec 17 10:56:57 +0000 2020	https://twitter.com/twitter/statuses/1339524983249391617	0	1	[{'text': 'Health', 'indices': [4, 11]}, {'text': 'COVID19', 'indices': [52, 60]}, {'text': 'infections', 'indices': [61, 72]}, {'text': 'Poland', 'indices': [76, 83]}, {'text': 'COVID19PL', 'indices': [203, 213]}, {'text': 'coronavirus', 'indices': [214, 226]}, {'text': 'pandemic', 'indices': [227, 236]}]
10	16682	"#CORONAVIRUS
Update no. 272 on the situation of Covid-19 with 21.763.865 cases in Europe, 1.773.290 cases diagnosed in Spain through a PCR test and 48.596 deaths. 
More countries and regions: https://t.co/GngEkjoe6E"	cdeualmeria	Thu Dec 17 11:30:22 +0000 2020	https://twitter.com/twitter/statuses/1339533392044584962	0	0	[{'text': 'CORONAVIRUS', 'indices': [0, 12]}]
11	1135	"Nepal: With 2 new cases, country‚Äôs tally rises to 245. https://t.co/ebAewb4Yf7 

#Coronavirus #nexnewsnetwork #TBM #TheBroadcastMedia"	nexnewsnetwork	Mon Dec 07 12:48:26 +0000 2020	https://twitter.com/twitter/statuses/1335929160951197700	0	0	[{'text': 'Coronavirus', 'indices': [81, 93]}, {'text': 'nexnewsnetwork', 'indices': [94, 109]}, {'text': 'TBM', 'indices': [110, 114]}, {'text': 'TheBroadcastMedia', 'indices': [115, 133]}]
12	15421	"2,545 new #COVID19 cases were reported in last 24 hours in Pakistanüáµüá∞ bringing the tally to 448,522, whereas as 71 people lost their lives. 40,090 tests were conducted across the country with the positivity rate of 6.3%.
#CoronaVirus #CoronaVirusUpdates"	anthpkofficial	Thu Dec 17 10:30:21 +0000 2020	https://twitter.com/twitter/statuses/1339518288544624642	1	1	[{'text': 'COVID19', 'indices': [10, 18]}, {'text': 'CoronaVirus', 'indices': [221, 233]}, {'text': 'CoronaVirusUpdates', 'indices': [234, 253]}]
13	5430	"@WassimCornet üá©üá™ #Germany's #Bavaria region is pushing for tougher #coronavirus measures as cases remain high despite five weeks of national restrictions.

As @shirlisitbon reports, Bavaria has one of the country's highest number of cases and the worst death toll ‚§µÔ∏è https://t.co/NQTswX4FRS"	France24_en	Mon Dec 07 15:31:13 +0000 2020	https://twitter.com/twitter/statuses/1335970126173233153	12	7	[{'text': 'Germany', 'indices': [17, 25]}, {'text': 'Bavaria', 'indices': [28, 36]}, {'text': 'coronavirus', 'indices': [67, 79]}]
14	10656	"As coronavirus cases continue to surge in Allegheny County and across the country, the Penn Hills area‚Äôs numbers remain among the highest in Pittsburgh's eastern suburbs.

https://t.co/Zc4K3aqr3p"	TribLIVE	Wed Dec 16 22:15:00 +0000 2020	https://twitter.com/twitter/statuses/1339333229736652802	0	2	[]
15	18490	"Following countries added record number of new cases of #COVID19 on Dec. 16
#USA
#Brazil
#Netherlands
#Panama
#Japan
#Denmark
#Nigeria
#Latvia
#Namibia
#Syria
#LIBERIA 

#WearAMask #KeepSafe 
https://t.co/Setnx4ayuq"	Ai2Stock	Thu Dec 17 12:55:16 +0000 2020	https://twitter.com/twitter/statuses/1339554756914794496	0	0	[{'text': 'COVID19', 'indices': [56, 64]}, {'text': 'USA', 'indices': [76, 80]}, {'text': 'Brazil', 'indices': [81, 88]}, {'text': 'Netherlands', 'indices': [89, 101]}, {'text': 'Panama', 'indices': [102, 109]}, {'text': 'Japan', 'indices': [110, 116]}, {'text': 'Denmark', 'indices': [117, 125]}, {'text': 'Nigeria', 'indices': [126, 134]}, {'text': 'Latvia', 'indices': [135, 142]}, {'text': 'Namibia', 'indices': [143, 151]}, {'text': 'Syria', 'indices': [152, 158]}, {'text': 'LIBERIA', 'indices': [159, 167]}, {'text': 'WearAMask', 'indices': [170, 180]}, {'text': 'KeepSafe', 'indices': [181, 190]}]
16	17512	"#CoronaVirusUpdates : üò∑ 
#California Has More New #CoronaVirus Cases Than Most Countries In The World ! CA Averages 33,000 #Covid_19 Cases A Day Over The Last Wk, The Highest Level Ever Recorded  ! #HLN , #StayHome  ! #StimulusCheck of 1,200 Not $600 ! #HazardPay 4 Everyone ! https://t.co/SRAOP7AuGK"	HollywoodBlvd1	Thu Dec 17 12:09:32 +0000 2020	https://twitter.com/twitter/statuses/1339543248063197184	0	0	[{'text': 'CoronaVirusUpdates', 'indices': [0, 19]}, {'text': 'California', 'indices': [25, 36]}, {'text': 'CoronaVirus', 'indices': [50, 62]}, {'text': 'Covid_19', 'indices': [123, 132]}, {'text': 'HLN', 'indices': [198, 202]}, {'text': 'StayHome', 'indices': [205, 214]}, {'text': 'StimulusCheck', 'indices': [218, 232]}, {'text': 'HazardPay', 'indices': [253, 263]}]
17	16116	This heatmap shows the trend of daily growth in confirmed cases for some major countries. Turkey has the highest 3-day growth rate in the group, while Mexico has the highest hit ratio #CoronaVirusUpdates #coronavirus https://t.co/ebPKd0oKHj	ExanteData	Thu Dec 17 11:02:36 +0000 2020	https://twitter.com/twitter/statuses/1339526405126762497	0	0	[{'text': 'CoronaVirusUpdates', 'indices': [184, 203]}, {'text': 'coronavirus', 'indices': [204, 216]}]
18	6674	"South Korean President Moon Jae-in orders testing for the new #coronavirus to be expanded by mobilizing the military and more people from the public service, as the country continued to report triple-digit daily new cases.

#SouthKorea

https://t.co/JPLZm9BaSG https://t.co/h7e0ewyijE"	AlArabiya_Eng	Mon Dec 07 16:13:45 +0000 2020	https://twitter.com/twitter/statuses/1335980830083190790	3	8	[{'text': 'coronavirus', 'indices': [62, 74]}, {'text': 'SouthKorea', 'indices': [224, 235]}]
19	16294	"#California, the latest epicenter, is reporting more #coronavirus cases than most countries in the world üò¢

https://t.co/5e3rcnG2W1"	FrankieFante66	Thu Dec 17 11:11:39 +0000 2020	https://twitter.com/twitter/statuses/1339528679521599493	0	0	[{'text': 'California', 'indices': [0, 11]}, {'text': 'coronavirus', 'indices': [53, 65]}]
20	5987	"Europe‚Äôs #coronavirus surge is shrinking while cases in the US are spiking

Europe appears to be rounding the corner. The 7-day average of newly confirmed cases is trending downward after countries imposed lockdowns or other social-distancing mandates.

https://t.co/nLf82xQaJs https://t.co/5msm3hCdSu"	MicrobesInfect	Mon Dec 07 15:50:58 +0000 2020	https://twitter.com/twitter/statuses/1335975096402333698	3	4	[{'text': 'coronavirus', 'indices': [9, 21]}]
QUERY: 	hospital workers
Ranking	Tweet	Text	Username	Date	URL	Retweets	Likes	Hashtags
 
1	17923	#CORONAVIRUS: Newman Regional Health, Greenwood County Hospital get vaccines for frontline healthcare workers https://t.co/spKDuXIp6f #KVOENews	KVOEAM1400	Thu Dec 17 12:30:00 +0000 2020	https://twitter.com/twitter/statuses/1339548397758517248	1	2	[{'text': 'CORONAVIRUS', 'indices': [0, 12]}, {'text': 'KVOENews', 'indices': [134, 143]}]
2	9067	@GovSisolak @pfizer Ask the healthcare worker that is now in the hospital with serious reactions to the vaccine in Alaska	Repoman2018	Wed Dec 16 22:13:21 +0000 2020	https://twitter.com/twitter/statuses/1339332815410741248	1	10	[]
3	6509	@DonaldJTrumpJr HOSPITALS ARE FULL, HEALTH CARE WORKERS ARE AT. WITS END. AMERICANS ARE DYING AND YOU SPEW THIS CRAP. #COVIDIOTS #COVID19 #coronavirus #Covid_19	BillTruther	Mon Dec 07 16:07:18 +0000 2020	https://twitter.com/twitter/statuses/1335979205939650562	0	0	[{'text': 'COVIDIOTS', 'indices': [118, 128]}, {'text': 'COVID19', 'indices': [129, 137]}, {'text': 'coronavirus', 'indices': [138, 150]}, {'text': 'Covid_19', 'indices': [151, 160]}]
4	1781	No holding back! The first doses of #coronavirus #vaccine arrives at #UK üá¨üáß #hospital. What does this mean? The doses will be administered to people aged 80 &amp; over, care home workers and NHS workers who are at higher risk the first to receive the jab. A good start to the pandemic https://t.co/w1FWxvL6hi	boxacise4Health	Mon Dec 07 13:14:33 +0000 2020	https://twitter.com/twitter/statuses/1335935729428525058	0	0	[{'text': 'coronavirus', 'indices': [36, 48]}, {'text': 'vaccine', 'indices': [49, 57]}, {'text': 'UK', 'indices': [69, 72]}, {'text': 'hospital', 'indices': [76, 85]}]
5	12095	"https://t.co/U3e49D12gX
""A hospital worker with no history of allergies was admitted to intensive care over a severe reaction she suffered 10 minutes after having Pfizer‚Äôs coronavirus vaccine""."	Maven1967	Wed Dec 16 22:16:26 +0000 2020	https://twitter.com/twitter/statuses/1339333590258225152	6	7	[]
6	12624	Healthcare workers are vaccinated with the Pfizer-BioNTech Covid-19 vaccine at Whittier Hospital Medical Center. @Coronavirus #COVID19 #pandemic #whittier #healthcareworkers #doctors #nurses @NikonUSA #nikon #photography #PfizerCOVIDvaccine @pfizer https://t.co/u9tFFtlS23	photowkb	Wed Dec 16 22:16:59 +0000 2020	https://twitter.com/twitter/statuses/1339333729131511808	7	24	[{'text': 'COVID19', 'indices': [126, 134]}, {'text': 'pandemic', 'indices': [135, 144]}, {'text': 'whittier', 'indices': [145, 154]}, {'text': 'healthcareworkers', 'indices': [155, 173]}, {'text': 'doctors', 'indices': [174, 182]}, {'text': 'nurses', 'indices': [183, 190]}, {'text': 'nikon', 'indices': [201, 207]}, {'text': 'photography', 'indices': [208, 220]}, {'text': 'PfizerCOVIDvaccine', 'indices': [221, 240]}]
7	5712	Healthcare workers laid off... but, what about this #plandemic ?  Isn‚Äôt the world in #lockdown to help the hospitals not be overwhelmed??? https://t.co/1ibkuCuWCm	LightAscent	Mon Dec 07 15:41:31 +0000 2020	https://twitter.com/twitter/statuses/1335972716118208512	0	0	[{'text': 'plandemic', 'indices': [52, 62]}, {'text': 'lockdown', 'indices': [85, 94]}]
8	10892	Check out scenes as East Alabama Medical Center frontline workers received the Pfizer COVID-19 vaccine on Wednesday. The hospital received its shipment of the vaccine on Tuesday morning and began distributing the vaccine later that day. https://t.co/q3FYWQoDvO	oanow	Wed Dec 16 22:15:11 +0000 2020	https://twitter.com/twitter/statuses/1339333276683661312	0	3	[]
9	758	"As hospitals start to max out, medical workers beg officials for new Covid-19 mandates
https://t.co/xJByjpxBdV. 
I commend our hospital workers, but if they really want change, they just have to threaten to walk off the job.  Should have happened long ago. #WearAMask  #Hospitals"	WallHillStudios	Sat Dec 05 17:01:46 +0000 2020	https://twitter.com/twitter/statuses/1335268136833183746	0	0	[{'text': 'WearAMask', 'indices': [257, 267]}, {'text': 'Hospitals', 'indices': [269, 279]}]
10	7607	"FFS people, don't be dicks- #stayhome or #WearAMask #Ignorance and #Selfishness is needlessly killing 1000s more just as vaccines begin rolling out.
WTF

As hospitals start to max out, medical workers beg officials for new Covid-19 mandates

https://t.co/6rvs4BeyuF"	MikeForPres2024	Sat Dec 05 17:50:53 +0000 2020	https://twitter.com/twitter/statuses/1335280497195438081	0	0	[{'text': 'stayhome', 'indices': [28, 37]}, {'text': 'WearAMask', 'indices': [41, 51]}, {'text': 'Ignorance', 'indices': [52, 62]}, {'text': 'Selfishness', 'indices': [67, 79]}]
11	7379	"I live here in Port Charlotte, Fl. We are terrified to be out of the house. As usual, The State Government fucks it all up. #DeathSantis 
#WearAMaskSaveALife
#WearAMask
As hospitals start to max out, medical workers beg officials for new Covid-19 mandates

https://t.co/lik00SSIri"	Theresa34120053	Sat Dec 05 17:41:52 +0000 2020	https://twitter.com/twitter/statuses/1335278226130808833	0	0	[{'text': 'DeathSantis', 'indices': [124, 136]}, {'text': 'WearAMaskSaveALife', 'indices': [138, 157]}, {'text': 'WearAMask', 'indices': [158, 168]}]
12	15472	"2 #HealthCare workers at #BartlettRegional #Hospital in #Juneau, #Alaska, had #allergic #reactions to @Pfizer's #coronavirus #vaccine. 
Both treated w/epinephrine &amp; Benedryl.
1 stayed o/n.
Both still grateful they got the vaccine &amp; want others to get it.
https://t.co/62GjeYoIK8"	newstruthliz	Thu Dec 17 10:33:10 +0000 2020	https://twitter.com/twitter/statuses/1339518995557474306	0	0	[{'text': 'HealthCare', 'indices': [2, 13]}, {'text': 'BartlettRegional', 'indices': [25, 42]}, {'text': 'Hospital', 'indices': [43, 52]}, {'text': 'Juneau', 'indices': [56, 63]}, {'text': 'Alaska', 'indices': [65, 72]}, {'text': 'allergic', 'indices': [78, 87]}, {'text': 'reactions', 'indices': [88, 98]}, {'text': 'coronavirus', 'indices': [112, 124]}, {'text': 'vaccine', 'indices': [125, 133]}]
13	10617	@dawgfan487 @WPTV My husband got covid IN hospital ppe because he works in direct care. He is getting the vaccine as soon as it is offered. Healthcare workers have a responsibility to do the most to protect the people they care for. They cannot spread misinformation	greenchristyeye	Wed Dec 16 22:14:58 +0000 2020	https://twitter.com/twitter/statuses/1339333222774272003	0	0	[]
14	6915	"Please, everyone #WearAMask !! 

If not for anyone other than our hospital workers who are already stretched so far. https://t.co/IJLzBZs3BW"	HeroHeart2020	Mon Dec 07 16:21:49 +0000 2020	https://twitter.com/twitter/statuses/1335982856871452675	1	1	[{'text': 'WearAMask', 'indices': [17, 27]}]
15	5252	"I don‚Äôt think most people understand what it is like in the hospitals for health care workers.. the hell and heartbreak they endure every shift to keep us alive. 

What seven ICU nurses want Americans to know about COVID 
#demVoice1
#WearAMask  https://t.co/fOIVaKaIsj"	kellyG124	Mon Dec 07 15:25:24 +0000 2020	https://twitter.com/twitter/statuses/1335968662608605186	49	76	[{'text': 'demVoice1', 'indices': [222, 232]}, {'text': 'WearAMask', 'indices': [233, 243]}]
16	8121	@GavinNewsom When will primary care workers get the vaccine? We see dozens of covid patients every day. Just because they aren‚Äôt extremely ill like they are in the hospitals doesn‚Äôt mean they aren‚Äôt contagious. Yet, people fail to consider us frontline.	erin_nolte	Wed Dec 16 22:12:21 +0000 2020	https://twitter.com/twitter/statuses/1339332566046789633	0	0	[]
17	4297	While trying to keep in the holiday spirit, my heart is with our hospital and front line workers who are tirelessly working to keep our communities safe and healthy.  Please be a patriot, and wear a mask.  #wearamask #thankyoufrontlineworkers #patriotic https://t.co/LWkwr9uh8f	VotePadmaKuppa	Mon Dec 07 14:53:08 +0000 2020	https://twitter.com/twitter/statuses/1335960542553501699	0	4	[{'text': 'wearamask', 'indices': [206, 216]}, {'text': 'thankyoufrontlineworkers', 'indices': [217, 242]}, {'text': 'patriotic', 'indices': [243, 253]}]
18	5436	"Wear the damn mask! If these hospitals and their workers fall then we go down too. They are exhausted, sad, angry, and working in crisis environments. Respect them! And speak out to those you see who act like covidiots.
#MaskUp 
#WearAMask 
#MAGA https://t.co/sJCiBlPq93"	fg_shep	Mon Dec 07 15:31:32 +0000 2020	https://twitter.com/twitter/statuses/1335970204300550146	0	0	[{'text': 'MaskUp', 'indices': [220, 227]}, {'text': 'WearAMask', 'indices': [229, 239]}, {'text': 'MAGA', 'indices': [241, 246]}]
QUERY: 	global pandemic
Ranking	Tweet	Text	Username	Date	URL	Retweets	Likes	Hashtags
 
1	8059	"ALERT: COVID-19 pandemic ravaging crucial public transit
systems - Global Pandemic News | #Coronavirus #COVID19 #Protests - https://t.co/9l1STqwP5M https://t.co/018PNX2wK3"	GlobalPandemics	Wed Dec 16 22:12:17 +0000 2020	https://twitter.com/twitter/statuses/1339332548942585861	1	0	[{'text': 'Coronavirus', 'indices': [90, 102]}, {'text': 'COVID19', 'indices': [103, 111]}, {'text': 'Protests', 'indices': [112, 121]}]
2	16969	"ALERT: Internet freaked out by this 'creepy' lifelike face
mask - Global Pandemic News | #Coronavirus #COVID19 #Protests - https://t.co/Wlt8EfWxHv https://t.co/j8F1C3EdGx"	GlobalPandemics	Thu Dec 17 11:45:17 +0000 2020	https://twitter.com/twitter/statuses/1339537145648852992	0	0	[{'text': 'Coronavirus', 'indices': [89, 101]}, {'text': 'COVID19', 'indices': [102, 110]}, {'text': 'Protests', 'indices': [111, 120]}]
3	4426	"ALERT: Joe Biden unveils health team that will lead coronavirus
pandemic response - Global Pandemic News | #Coronavirus #COVID19 #Protests - https://t.co/GhL0TWzVB4 https://t.co/J8U7wLGXb1"	GlobalPandemics	Mon Dec 07 14:57:59 +0000 2020	https://twitter.com/twitter/statuses/1335961762915627009	0	0	[{'text': 'Coronavirus', 'indices': [107, 119]}, {'text': 'COVID19', 'indices': [120, 128]}, {'text': 'Protests', 'indices': [129, 138]}]
4	6262	"ALERT: ""Stop the steal"" protesters threaten Michigan official at
home - Global Pandemic News | #Coronavirus #COVID19 #Protests - https://t.co/UECfoph0ay https://t.co/WgWEc8pc35"	GlobalPandemics	Mon Dec 07 16:00:34 +0000 2020	https://twitter.com/twitter/statuses/1335977511218458625	0	0	[{'text': 'Coronavirus', 'indices': [95, 107]}, {'text': 'COVID19', 'indices': [108, 116]}, {'text': 'Protests', 'indices': [117, 126]}]
5	14588	ALERT: Will children be able to get COVID-19 vaccines? - Global Pandemic News | #Coronavirus #COVID19 #Protests - https://t.co/KjcJgXIbyi https://t.co/YRr4Qn9M1p	GlobalPandemics	Thu Dec 17 09:29:40 +0000 2020	https://twitter.com/twitter/statuses/1339503015049523201	0	0	[{'text': 'Coronavirus', 'indices': [80, 92]}, {'text': 'COVID19', 'indices': [93, 101]}, {'text': 'Protests', 'indices': [102, 111]}]
6	17009	"ALERT: What we know about Moderna's coronavirus vaccine and how it
differs from Pfizer's - Global Pandemic News | #Coronavirus #COVID19 #Protests - https://t.co/hP4Feotb6g https://t.co/4RGrnz3cqi"	GlobalPandemics	Thu Dec 17 11:47:27 +0000 2020	https://twitter.com/twitter/statuses/1339537690040123392	0	0	[{'text': 'Coronavirus', 'indices': [114, 126]}, {'text': 'COVID19', 'indices': [127, 135]}, {'text': 'Protests', 'indices': [136, 145]}]
7	19024	"ALERT: What we know about Moderna‚Äôs coronavirus vaccine and how it
differs from Pfizer‚Äôs - Global Pandemic News | #Coronavirus #COVID19 #Protests - https://t.co/no2J61KDwb https://t.co/5aJJac5g5E"	GlobalPandemics	Thu Dec 17 13:18:17 +0000 2020	https://twitter.com/twitter/statuses/1339560551035318272	0	1	[{'text': 'Coronavirus', 'indices': [114, 126]}, {'text': 'COVID19', 'indices': [127, 135]}, {'text': 'Protests', 'indices': [136, 145]}]
8	5678	"ALERT: Predictive programming: 2019 Project Runway contestant named
Kovid, with mask - Global Pandemic News | #Coronavirus #COVID19 #Protests - https://t.co/juOePiOrcN https://t.co/dTFmZUavGs"	GlobalPandemics	Mon Dec 07 15:40:21 +0000 2020	https://twitter.com/twitter/statuses/1335972422441455616	0	0	[{'text': 'Coronavirus', 'indices': [110, 122]}, {'text': 'COVID19', 'indices': [123, 131]}, {'text': 'Protests', 'indices': [132, 141]}]
9	17501	"ALERT: The Covid-19 Vaccine Doesn't Mean Big Pharma Is Your
Savior - Global Pandemic News | #Coronavirus #COVID19 #Protests - https://t.co/b6UsZZXJZu https://t.co/Fab9HZzrxP"	GlobalPandemics	Thu Dec 17 12:08:54 +0000 2020	https://twitter.com/twitter/statuses/1339543087853539329	0	0	[{'text': 'Coronavirus', 'indices': [92, 104]}, {'text': 'COVID19', 'indices': [105, 113]}, {'text': 'Protests', 'indices': [114, 123]}]
10	6307	"ALERT: Christmas festivities are limited in Bethlehem, birthplace
of Jesus, with COVID-19 restrictions - Global Pandemic News | #Coronavirus #COVID19 #Protests - https://t.co/eZBsl0wY78 https://t.co/JLlNV31zCP"	GlobalPandemics	Mon Dec 07 16:01:29 +0000 2020	https://twitter.com/twitter/statuses/1335977742429511680	0	0	[{'text': 'Coronavirus', 'indices': [128, 140]}, {'text': 'COVID19', 'indices': [141, 149]}, {'text': 'Protests', 'indices': [150, 159]}]
11	19221	"ALERT: Maskless carolers at actor Kirk Cameron event spark
backlash - Global Pandemic News | #Coronavirus #COVID19 #Protests - https://t.co/btrhzc2IXE https://t.co/BFWCTi9Asz"	GlobalPandemics	Thu Dec 17 13:25:34 +0000 2020	https://twitter.com/twitter/statuses/1339562382864084994	0	0	[{'text': 'Coronavirus', 'indices': [93, 105]}, {'text': 'COVID19', 'indices': [106, 114]}, {'text': 'Protests', 'indices': [115, 124]}]
12	16910	"ALERT: WHO says China welcomes Covid-19 investigators, but unclear
if they will go to Wuhan - Global Pandemic News | #Coronavirus #COVID19 #Protests - https://t.co/A91E4iySd7 https://t.co/gUYAMpFX4x"	GlobalPandemics	Thu Dec 17 11:42:09 +0000 2020	https://twitter.com/twitter/statuses/1339536356733804544	0	0	[{'text': 'Coronavirus', 'indices': [117, 129]}, {'text': 'COVID19', 'indices': [130, 138]}, {'text': 'Protests', 'indices': [139, 148]}]
13	6140	"ALERT: Mass-vaccination program against COVID-19 launched in
Moscow - Global Pandemic News | #Coronavirus #COVID19 #Protests - https://t.co/zrqU0qif0m https://t.co/jjAlUT4ETy"	GlobalPandemics	Mon Dec 07 15:57:00 +0000 2020	https://twitter.com/twitter/statuses/1335976612920233989	0	0	[{'text': 'Coronavirus', 'indices': [93, 105]}, {'text': 'COVID19', 'indices': [106, 114]}, {'text': 'Protests', 'indices': [115, 124]}]
14	4261	"ALERT: CIA officer suffered crippling symptoms in Moscow. Was it
'Havana Syndrome?' - Global Pandemic News | #Coronavirus #COVID19 #Protests - https://t.co/VOsrBE85Zn https://t.co/zJ1eh3gCxA"	GlobalPandemics	Mon Dec 07 14:52:01 +0000 2020	https://twitter.com/twitter/statuses/1335960259542872064	0	0	[{'text': 'Coronavirus', 'indices': [109, 121]}, {'text': 'COVID19', 'indices': [122, 130]}, {'text': 'Protests', 'indices': [131, 140]}]
15	3926	"ALERT: Mass-vaccination program against COVID-19 launched in
Moscow - Global Pandemic News | #Coronavirus #COVID19 #Protests - https://t.co/PYHvPK1wLU https://t.co/bjP9be42bD"	GlobalPandemics	Mon Dec 07 14:39:41 +0000 2020	https://twitter.com/twitter/statuses/1335957155615215619	0	0	[{'text': 'Coronavirus', 'indices': [93, 105]}, {'text': 'COVID19', 'indices': [106, 114]}, {'text': 'Protests', 'indices': [115, 124]}]
16	18438	"ALERT: Workers At These Companies Say They‚Äôre Still Not Safe From
COVID-19 - Global Pandemic News | #Coronavirus #COVID19 #Protests - https://t.co/1ZaPX5qX6O https://t.co/ZOcBPQjqje"	GlobalPandemics	Thu Dec 17 12:52:37 +0000 2020	https://twitter.com/twitter/statuses/1339554088732807169	0	0	[{'text': 'Coronavirus', 'indices': [100, 112]}, {'text': 'COVID19', 'indices': [113, 121]}, {'text': 'Protests', 'indices': [122, 131]}]
17	7027	"ALERT: Johns Hopkins doctor blasts FDA over slow COVID-19 vaccine
review - Global Pandemic News | #Coronavirus #COVID19 #Protests - https://t.co/oFxe7unyKi https://t.co/HG4kWSGhWT"	GlobalPandemics	Sat Dec 05 17:16:38 +0000 2020	https://twitter.com/twitter/statuses/1335271878659813377	0	0	[{'text': 'Coronavirus', 'indices': [98, 110]}, {'text': 'COVID19', 'indices': [111, 119]}, {'text': 'Protests', 'indices': [120, 129]}]
18	18297	"ALERT: Ellen DeGeneres Reveals ‚ÄòExcruciating‚Äô COVID-19 Symptom That
Surprised Her - Global Pandemic News | #Coronavirus #COVID19 #Protests - https://t.co/PfQOPGtxhA https://t.co/IWOYgGQl6D"	GlobalPandemics	Thu Dec 17 12:46:33 +0000 2020	https://twitter.com/twitter/statuses/1339552562345881603	2	1	[{'text': 'Coronavirus', 'indices': [107, 119]}, {'text': 'COVID19', 'indices': [120, 128]}, {'text': 'Protests', 'indices': [129, 138]}]
19	5289	"ALERT: Michigan secretary of state says armed protesters gathered
outside her home - Global Pandemic News | #Coronavirus #COVID19 #Protests - https://t.co/HtRBl3ttdD https://t.co/LbqmDDCumR"	GlobalPandemics	Mon Dec 07 15:26:51 +0000 2020	https://twitter.com/twitter/statuses/1335969023738195973	0	0	[{'text': 'Coronavirus', 'indices': [108, 120]}, {'text': 'COVID19', 'indices': [121, 129]}, {'text': 'Protests', 'indices': [130, 139]}]
20	3809	"ALERT: Coronavirus in California: Stay-at-Home Orders Go Into
Effect - Global Pandemic News | #Coronavirus #COVID19 #Protests - https://t.co/NmYG1BC5aq https://t.co/JCZxSJgxLK"	GlobalPandemics	Mon Dec 07 14:34:22 +0000 2020	https://twitter.com/twitter/statuses/1335955819586838528	0	0	[{'text': 'Coronavirus', 'indices': [94, 106]}, {'text': 'COVID19', 'indices': [107, 115]}, {'text': 'Protests', 'indices': [116, 125]}]
QUERY: 	covid deaths
Ranking	Tweet	Text	Username	Date	URL	Retweets	Likes	Hashtags
 
1	18031	"With 3,600 Deaths, U.S. Reaches A New Daily Record For COVID Deaths : #Coronavirus Updates #trumpLegacy #TrumpHasNoPlan #WearAMaskSaveALife

https://t.co/JY7Hb7CQkZ"	YesWeCan06824	Thu Dec 17 12:35:46 +0000 2020	https://twitter.com/twitter/statuses/1339549850833203202	0	0	[{'text': 'Coronavirus', 'indices': [70, 82]}, {'text': 'trumpLegacy', 'indices': [91, 103]}, {'text': 'TrumpHasNoPlan', 'indices': [104, 119]}, {'text': 'WearAMaskSaveALife', 'indices': [120, 139]}]
2	8977	@SteveStuWill COVID deaths instantly up 7 billion!	AJ_Kaz_K	Wed Dec 16 22:13:14 +0000 2020	https://twitter.com/twitter/statuses/1339332787451666439	0	0	[]
3	9227	COVID deaths instantly up 7 billion! https://t.co/1hntCyoSd7	AJ_Kaz_K	Wed Dec 16 22:13:32 +0000 2020	https://twitter.com/twitter/statuses/1339332860356997120	0	1	[]
4	10554	Covid update for Wednesday, 12/16/2020. New cases today is 36. Two-week daily new case average is 50.6. One week daily new case average is 50.3. Positivity rate is 5.36%. Active is 1190. Total is 3565. Recovered is 2156. Deaths are at 138. Status is red. https://t.co/HmEOwG8NBb	CityofQuincy	Wed Dec 16 22:14:54 +0000 2020	https://twitter.com/twitter/statuses/1339333205699256324	0	2	[]
5	13162	U.S. Averaged 125 COVID Deaths Per Hour Tuesday, as Weekly Fatalities Reach New High https://t.co/6k0hD2FSxD https://t.co/qRrcKlrflp	SocialPowerOne1	Wed Dec 16 22:17:33 +0000 2020	https://twitter.com/twitter/statuses/1339333870651502592	5	4	[]
6	10121	I bet she had a mail in death certificate.  I wonder if official cause of death was covid? https://t.co/2QeHNBFD21	tomofsnj	Wed Dec 16 22:14:27 +0000 2020	https://twitter.com/twitter/statuses/1339333093308690439	1	0	[]
7	798	"Saturday, December 5, 2020, 12:00 PM EST
Total confirmed: USA Total
Daily increase: 4,809,927
Total deaths: +37,392
Daily deaths: 86,024

Updates every 3 hours
#COVID #COVID19 #Coronavirus #NCOV #SARSCoV2 #flattenthecurve
Source: https://t.co/hH0VadoSNf"	USCOVIDTracking	Sat Dec 05 17:03:22 +0000 2020	https://twitter.com/twitter/statuses/1335268541164097540	0	0	[{'text': 'COVID', 'indices': [160, 166]}, {'text': 'COVID19', 'indices': [167, 175]}, {'text': 'Coronavirus', 'indices': [176, 188]}, {'text': 'NCOV', 'indices': [189, 194]}, {'text': 'SARSCoV2', 'indices': [195, 204]}, {'text': 'flattenthecurve', 'indices': [205, 221]}]
8	12895	Wow... surrounded by death of covid patients all day. https://t.co/A0kulg0C25	LewisBo68063286	Wed Dec 16 22:17:16 +0000 2020	https://twitter.com/twitter/statuses/1339333800954773506	0	0	[]
9	8400	@minnigopher Well, by my calculations, 68468.8% of population has had covid, with a .0000000007467a% death rate. With -7467 more cases, herd immunity! #MakingUpScienceAndNumbersForFun	pizzapiesiren	Wed Dec 16 22:12:39 +0000 2020	https://twitter.com/twitter/statuses/1339332640739110915	0	0	[{'text': 'MakingUpScienceAndNumbersForFun', 'indices': [151, 183]}]
10	805	"#COVID19 Update in Sri Lankaüá±üá∞

7 Covid related deaths reported #today.

#Confirmed #cases: 27,228
#New cases today: 669
#Active cases: 7,008
#Suspected cases: 475
#Recoveries: 20,090
#Deaths: 137

#srilanka #lanka #lka #corona #coronavirus #covid19sl #c19"	Naveeth14	Sat Dec 05 17:03:38 +0000 2020	https://twitter.com/twitter/statuses/1335268605504712710	2	7	[{'text': 'COVID19', 'indices': [0, 8]}, {'text': 'today', 'indices': [64, 70]}, {'text': 'Confirmed', 'indices': [73, 83]}, {'text': 'cases', 'indices': [84, 90]}, {'text': 'New', 'indices': [99, 103]}, {'text': 'Active', 'indices': [121, 128]}, {'text': 'Suspected', 'indices': [142, 152]}, {'text': 'Recoveries', 'indices': [164, 175]}, {'text': 'Deaths', 'indices': [184, 191]}, {'text': 'srilanka', 'indices': [198, 207]}, {'text': 'lanka', 'indices': [208, 214]}, {'text': 'lka', 'indices': [215, 219]}, {'text': 'corona', 'indices': [220, 227]}, {'text': 'coronavirus', 'indices': [228, 240]}, {'text': 'covid19sl', 'indices': [241, 251]}, {'text': 'c19', 'indices': [252, 256]}]
11	18293	"‚ú≥Ô∏è #Goa #COVID19 Health Bulletin | 17 DECEMBER 2020

‚û°Goa reports 88 positive cases, 89 recovered, 52 new under home isolation, 975 active cases, 03 covid deaths today, total deaths till date 716.

JOIN‚û°https://t.co/vUGjjkp3rd
#Coronavirus #CoronaUpdatesInIndia https://t.co/Ax7eMPoHtT"	Theupdater_	Thu Dec 17 12:46:24 +0000 2020	https://twitter.com/twitter/statuses/1339552526794850304	0	7	[{'text': 'Goa', 'indices': [3, 7]}, {'text': 'COVID19', 'indices': [8, 16]}, {'text': 'Coronavirus', 'indices': [227, 239]}, {'text': 'CoronaUpdatesInIndia', 'indices': [240, 261]}]
12	695	"COVID 19 cases in India until : 05/12/2020 22:30

Total Cases: 9630893 [+22374]üòÖ
Active: 403017üññüèΩ
Recovered: 9085514 [+27453]‚ù§
Deaths :140040 [+303]üôèüèº
Total Tests: 145.89Müß™

Data- @covid19indiaorg
#CoronaVirus #COVID19inIndia #India #Bot"	IndiaCovid19Bot	Sat Dec 05 17:00:01 +0000 2020	https://twitter.com/twitter/statuses/1335267694342443010	0	0	[{'text': 'CoronaVirus', 'indices': [197, 209]}, {'text': 'COVID19inIndia', 'indices': [210, 225]}, {'text': 'India', 'indices': [226, 232]}, {'text': 'Bot', 'indices': [233, 237]}]
13	13844	Gunshot Wound Victims Included In Colorado.   The Covid scam Related Death Totals, Report https://t.co/QBPamALl8j	ArnoldStevensen	Wed Dec 16 22:18:16 +0000 2020	https://twitter.com/twitter/statuses/1339334050973147137	0	0	[]
14	6211	"COVID 19 cases in India until : 07/12/2020 21:30

Total Cases: 9692114 [+14407]üòÖ
Active: 389185üññüèΩ
Recovered: 9159681 [+20657]‚ù§
Deaths :140834 [+224]üôèüèº
Total Tests: 147.79Müß™

Data- @covid19indiaorg
#CoronaVirus #COVID19inIndia #India #Bot"	IndiaCovid19Bot	Mon Dec 07 16:00:00 +0000 2020	https://twitter.com/twitter/statuses/1335977369635594243	0	0	[{'text': 'CoronaVirus', 'indices': [197, 209]}, {'text': 'COVID19inIndia', 'indices': [210, 225]}, {'text': 'India', 'indices': [226, 232]}, {'text': 'Bot', 'indices': [233, 237]}]
15	10728	"@CMOH_Alberta Q1, 2020 142 Opiod deaths
Q2, 2020 301 Opiod deaths. Will it double again in Q3,Q4?
Currently on track for 900 Opiod deaths.
Suicides at 490 YTD. 
These are preventable.
Covid 19 at 744 deaths.
Wait until all the deaths from missed surgeries etc happen.

https://t.co/I6sHJYjQE7 https://t.co/209fUrdeSo"	WolfSteppan	Wed Dec 16 22:15:03 +0000 2020	https://twitter.com/twitter/statuses/1339333244173479937	0	3	[]
16	4506	"COVID 19 cases in India until : 07/12/2020 20:30

Total Cases: 9690798 [+13091]üòÖ
Active: 388549üññüèΩ
Recovered: 9159056 [+20032]‚ù§
Deaths :140800 [+190]üôèüèº
Total Tests: 147.79Müß™

Data- @covid19indiaorg
#CoronaVirus #COVID19inIndia #India #Bot"	IndiaCovid19Bot	Mon Dec 07 15:00:00 +0000 2020	https://twitter.com/twitter/statuses/1335962270678065154	0	0	[{'text': 'CoronaVirus', 'indices': [197, 209]}, {'text': 'COVID19inIndia', 'indices': [210, 225]}, {'text': 'India', 'indices': [226, 232]}, {'text': 'Bot', 'indices': [233, 237]}]
17	16033	"COVID 19 cases in India until : 17/12/2020 16:30

Total Cases: 9951963 [+883]üòÖ
Active: 315154üññüèΩ
Recovered: 9489703 [+550]‚ù§
Deaths :144495 [+8]üôèüèº
Total Tests: 157.81Müß™

Data- @covid19indiaorg
#CoronaVirus #COVID19inIndia #India #Bot"	IndiaCovid19Bot	Thu Dec 17 11:00:01 +0000 2020	https://twitter.com/twitter/statuses/1339525753004765185	0	0	[{'text': 'CoronaVirus', 'indices': [191, 203]}, {'text': 'COVID19inIndia', 'indices': [204, 219]}, {'text': 'India', 'indices': [220, 226]}, {'text': 'Bot', 'indices': [227, 231]}]
18	18589	"COVID 19 cases in India until : 17/12/2020 18:30

Total Cases: 9953085 [+883]üòÖ
Active: 315261üññüèΩ
Recovered: 9490711 [+550]‚ù§
Deaths :144502 [+8]üôèüèº
Total Tests: 157.81Müß™

Data- @covid19indiaorg
#CoronaVirus #COVID19inIndia #India #Bot"	IndiaCovid19Bot	Thu Dec 17 13:00:00 +0000 2020	https://twitter.com/twitter/statuses/1339555950286561281	0	0	[{'text': 'CoronaVirus', 'indices': [191, 203]}, {'text': 'COVID19inIndia', 'indices': [204, 219]}, {'text': 'India', 'indices': [220, 226]}, {'text': 'Bot', 'indices': [227, 231]}]
19	17267	"COVID 19 cases in India until : 17/12/2020 17:30

Total Cases: 9951963 [+883]üòÖ
Active: 315154üññüèΩ
Recovered: 9489703 [+550]‚ù§
Deaths :144495 [+8]üôèüèº
Total Tests: 157.81Müß™

Data- @covid19indiaorg
#CoronaVirus #COVID19inIndia #India #Bot"	IndiaCovid19Bot	Thu Dec 17 12:00:00 +0000 2020	https://twitter.com/twitter/statuses/1339540850234302464	0	0	[{'text': 'CoronaVirus', 'indices': [191, 203]}, {'text': 'COVID19inIndia', 'indices': [204, 219]}, {'text': 'India', 'indices': [220, 226]}, {'text': 'Bot', 'indices': [227, 231]}]
20	1404	"COVID 19 cases in India until : 07/12/2020 18:30

Total Cases: 9680594 [+2887]üòÖ
Active: 393138üññüèΩ
Recovered: 9144375 [+5351]‚ù§
Deaths :140688 [+78]üôèüèº
Total Tests: 147.79Müß™

Data- @covid19indiaorg
#CoronaVirus #COVID19inIndia #India #Bot"	IndiaCovid19Bot	Mon Dec 07 13:00:01 +0000 2020	https://twitter.com/twitter/statuses/1335932071978610689	0	0	[{'text': 'CoronaVirus', 'indices': [194, 206]}, {'text': 'COVID19inIndia', 'indices': [207, 222]}, {'text': 'India', 'indices': [223, 229]}, {'text': 'Bot', 'indices': [230, 234]}]
QUERY: 	stayhome in christmas
Ranking	Tweet	Text	Username	Date	URL	Retweets	Likes	Hashtags
 
1	16097	@ITVCharlieP @HowardGriffiths @Ruth_ITV ‚öóÔ∏è üçΩÔ∏èüçπ #Christmas in the garden üòÇ #StayHome #StaySafe	AndrewBrazier1	Thu Dec 17 11:01:59 +0000 2020	https://twitter.com/twitter/statuses/1339526247823650816	0	1	[{'text': 'Christmas', 'indices': [47, 57]}, {'text': 'StayHome', 'indices': [74, 83]}, {'text': 'StaySafe', 'indices': [84, 93]}]
2	15184	This is how it spreads.  #StaySafe at #Christmas  #StayHome at #Christmas2020 https://t.co/Rdoio6INhj	SquareSunWeb	Thu Dec 17 10:17:14 +0000 2020	https://twitter.com/twitter/statuses/1339514988629798912	0	0	[{'text': 'StaySafe', 'indices': [25, 34]}, {'text': 'Christmas', 'indices': [38, 48]}, {'text': 'StayHome', 'indices': [50, 59]}, {'text': 'Christmas2020', 'indices': [63, 77]}]
3	3523	A teddy worthy of the spotlight! https://t.co/sln1TSEyQt #NaughtyandNiceLingerie #FreeShipping #LocalPickup #ShopSmall #ShopFromHome #StayHome #StaySafe #Christmas	naughtyandnice	Mon Dec 07 14:25:06 +0000 2020	https://twitter.com/twitter/statuses/1335953484395458560	0	0	[{'text': 'NaughtyandNiceLingerie', 'indices': [57, 80]}, {'text': 'FreeShipping', 'indices': [81, 94]}, {'text': 'LocalPickup', 'indices': [95, 107]}, {'text': 'ShopSmall', 'indices': [108, 118]}, {'text': 'ShopFromHome', 'indices': [119, 132]}, {'text': 'StayHome', 'indices': [133, 142]}, {'text': 'StaySafe', 'indices': [143, 152]}, {'text': 'Christmas', 'indices': [153, 163]}]
4	17848	"Still searching for the perfect Christmas outfit? May we suggest you can never go wrong with too much tinsel garland!

#Christmas #holidayseason #homefortheholidays #wearamask #stayhome #staysafe https://t.co/6RAPux4gVO"	markhamfair	Thu Dec 17 12:24:58 +0000 2020	https://twitter.com/twitter/statuses/1339547129942073346	1	1	[{'text': 'Christmas', 'indices': [119, 129]}, {'text': 'holidayseason', 'indices': [130, 144]}, {'text': 'homefortheholidays', 'indices': [145, 164]}, {'text': 'wearamask', 'indices': [165, 175]}, {'text': 'stayhome', 'indices': [176, 185]}, {'text': 'staysafe', 'indices': [186, 195]}]
5	17350	"#Covid19 is surging and spreading like wildfire.
#StayHome

Do not gather for Christmas.
Stay home.
Do not meet family during the holidays.
Stay home.
Do not travel, do not shop, do not go out.
Stay home.

Otherwise, thousands more will DIE because of YOU.  #StayHome!"	RichardCheese	Thu Dec 17 12:01:42 +0000 2020	https://twitter.com/twitter/statuses/1339541277575036928	0	11	[{'text': 'Covid19', 'indices': [0, 8]}, {'text': 'StayHome', 'indices': [49, 58]}, {'text': 'StayHome', 'indices': [258, 267]}]
6	15603	"#WearAMask #washyourmask if it's #reusable don't reuse #disposable #masks over and over.

#StaySafe #StayHome #washyourhands 

#Christmas is just a day don't stress over it #EnjoyEveryMinute 

#dontforgetme https://t.co/BmDyxLZ8RT"	crochet_crafter	Thu Dec 17 10:39:08 +0000 2020	https://twitter.com/twitter/statuses/1339520497189609472	0	1	[{'text': 'WearAMask', 'indices': [0, 10]}, {'text': 'washyourmask', 'indices': [11, 24]}, {'text': 'reusable', 'indices': [33, 42]}, {'text': 'disposable', 'indices': [55, 66]}, {'text': 'masks', 'indices': [67, 73]}, {'text': 'StaySafe', 'indices': [90, 99]}, {'text': 'StayHome', 'indices': [100, 109]}, {'text': 'washyourhands', 'indices': [110, 124]}, {'text': 'Christmas', 'indices': [127, 137]}, {'text': 'EnjoyEveryMinute', 'indices': [173, 190]}, {'text': 'dontforgetme', 'indices': [193, 206]}]
7	6237	"I Saw Three Ships

#musisi #musisimalang #dirumahaja #christmas #musician #stayhome @ Nugroho https://t.co/scoByXQCoe"	NugNux	Mon Dec 07 16:00:15 +0000 2020	https://twitter.com/twitter/statuses/1335977430536712192	0	0	[{'text': 'musisi', 'indices': [19, 26]}, {'text': 'musisimalang', 'indices': [27, 40]}, {'text': 'dirumahaja', 'indices': [41, 52]}, {'text': 'christmas', 'indices': [53, 63]}, {'text': 'musician', 'indices': [64, 73]}, {'text': 'stayhome', 'indices': [74, 83]}]
8	17477	"Lights on in the blingtastic backdrop. Please look after yourselves &amp; protect those more vulnerable than you this holiday season. 
Hopefully by SS2021 things will be brighter.
#StayHome #Christmas #Tier3 https://t.co/Oj7NzW383B"	DrSarahGilligan	Thu Dec 17 12:08:05 +0000 2020	https://twitter.com/twitter/statuses/1339542881976070144	0	1	[{'text': 'StayHome', 'indices': [180, 189]}, {'text': 'Christmas', 'indices': [190, 200]}, {'text': 'Tier3', 'indices': [201, 207]}]
9	19314	"Dear Brain Cancer Fighter...,  #staystrong #HOPE #BTSM #GRAY #WearAMask #StayHome #people #graymatters365 #cure #Cancer #BrainTumorThursday 
#Christmas #25DaysofChristmas üéÑ https://t.co/YPxyVMX46U"	KickBrainTumors	Thu Dec 17 13:28:18 +0000 2020	https://twitter.com/twitter/statuses/1339563072311218180	1	0	[{'text': 'staystrong', 'indices': [31, 42]}, {'text': 'HOPE', 'indices': [43, 48]}, {'text': 'BTSM', 'indices': [49, 54]}, {'text': 'GRAY', 'indices': [55, 60]}, {'text': 'WearAMask', 'indices': [61, 71]}, {'text': 'StayHome', 'indices': [72, 81]}, {'text': 'people', 'indices': [82, 89]}, {'text': 'graymatters365', 'indices': [90, 105]}, {'text': 'cure', 'indices': [106, 111]}, {'text': 'Cancer', 'indices': [112, 119]}, {'text': 'BrainTumorThursday', 'indices': [120, 139]}, {'text': 'Christmas', 'indices': [141, 151]}, {'text': '25DaysofChristmas', 'indices': [152, 170]}]
10	19291	"Make sure you enter the @christmasfm  prize bag to be in with a chance of winning a Novaerus NV200 Air Dis-infection device - protect and clean your air this Christmas. 

@Novaerus @ALONE_IRELAND #SafeChristmas #Stayhome #staysafe #holdfirm 

https://t.co/PAAXN5Gnrx"	NMcgreals	Thu Dec 17 13:27:36 +0000 2020	https://twitter.com/twitter/statuses/1339562893856169984	0	0	[{'text': 'SafeChristmas', 'indices': [196, 210]}, {'text': 'Stayhome', 'indices': [211, 220]}, {'text': 'staysafe', 'indices': [221, 230]}, {'text': 'holdfirm', 'indices': [231, 240]}]
11	4369	"@poozwah Regrettably, this will probably turn out to be true. They talk about the left trying to ""cancel Christmas"". The real Christmas thieves are those that refuse to #WearAMask, endangering themselves and others in the process. They are why we have to #StayHome."	Dadilicious2	Mon Dec 07 14:55:38 +0000 2020	https://twitter.com/twitter/statuses/1335961170717470724	0	1	[{'text': 'WearAMask', 'indices': [169, 179]}, {'text': 'StayHome', 'indices': [255, 264]}]
12	15236	"Christmas Infusion üôåüèº
Well needed boost üíâ üíä
#tysabritime #tysabriinfusion #mswarrior #msbadass #msbrainfogsucks #almostchristmas #stayhome #staysafe #protectthenhsüíô @ Barnet General Hospital https://t.co/GlNRsHSqne"	CbClabeck	Thu Dec 17 10:20:01 +0000 2020	https://twitter.com/twitter/statuses/1339515685983059968	0	0	[{'text': 'tysabritime', 'indices': [44, 56]}, {'text': 'tysabriinfusion', 'indices': [57, 73]}, {'text': 'mswarrior', 'indices': [74, 84]}, {'text': 'msbadass', 'indices': [85, 94]}, {'text': 'msbrainfogsucks', 'indices': [95, 111]}, {'text': 'almostchristmas', 'indices': [112, 128]}, {'text': 'stayhome', 'indices': [129, 138]}, {'text': 'staysafe', 'indices': [139, 148]}, {'text': 'protectthenhs', 'indices': [149, 163]}]
13	18776	"Happy Holidays! 15% OFF All Roasts ‚ùÑÔ∏è

Shop our finest selection of gourmet whole roasts simmered to perfection.

Use code JUSTADDFIRE! Celebrate now: https://t.co/EqoHq6m7qo

#steak #steaktime #stayhome #staysafe #holidays #roasts #christmas #newyear https://t.co/nQmM1Zjxzk"	GrandWSteaks	Thu Dec 17 13:07:21 +0000 2020	https://twitter.com/twitter/statuses/1339557796052946950	0	0	[{'text': 'steak', 'indices': [176, 182]}, {'text': 'steaktime', 'indices': [183, 193]}, {'text': 'stayhome', 'indices': [194, 203]}, {'text': 'staysafe', 'indices': [204, 213]}, {'text': 'holidays', 'indices': [214, 223]}, {'text': 'roasts', 'indices': [224, 231]}, {'text': 'christmas', 'indices': [232, 242]}, {'text': 'newyear', 'indices': [243, 251]}]
14	6104	#MarkedByCOVID Christmas it going to be a rough holiday for so many of us. Please #StayHome #COVIDisNotAGame https://t.co/coDJvDkKXu	readingswan	Mon Dec 07 15:55:31 +0000 2020	https://twitter.com/twitter/statuses/1335976238884794368	3	26	[{'text': 'MarkedByCOVID', 'indices': [0, 14]}, {'text': 'StayHome', 'indices': [82, 91]}, {'text': 'COVIDisNotAGame', 'indices': [92, 108]}]
15	7366	HO HO Holy Sh*t what a year! #NovaFotoDoPerfil #christmas #christmas2020 #santapics #santa #family #pandemic #stayhome #BeSafeOutThere #ChristmasIsComing #BeThankful #giveaway #12DaysOfChristmas #25DaysofChristmas https://t.co/bntcVYFtpf	CMPatricio	Sat Dec 05 17:41:14 +0000 2020	https://twitter.com/twitter/statuses/1335278069574107143	0	1	[{'text': 'NovaFotoDoPerfil', 'indices': [29, 46]}, {'text': 'christmas', 'indices': [47, 57]}, {'text': 'christmas2020', 'indices': [58, 72]}, {'text': 'santapics', 'indices': [73, 83]}, {'text': 'santa', 'indices': [84, 90]}, {'text': 'family', 'indices': [91, 98]}, {'text': 'pandemic', 'indices': [99, 108]}, {'text': 'stayhome', 'indices': [109, 118]}, {'text': 'BeSafeOutThere', 'indices': [119, 134]}, {'text': 'ChristmasIsComing', 'indices': [135, 153]}, {'text': 'BeThankful', 'indices': [154, 165]}, {'text': 'giveaway', 'indices': [166, 175]}, {'text': '12DaysOfChristmas', 'indices': [176, 194]}, {'text': '25DaysofChristmas', 'indices': [195, 213]}]
16	17387	I know I don't have many followers. However I just wanted to say please stay inside your homes as much as possible. I know its almost Christmas, but peoples lives are at stake with this corona. So stay safe, have a good Christmas! üéÑüéÅ#COVID19 #coronavirusuk #StayHome #lockdown	SnipeEmma	Thu Dec 17 12:03:36 +0000 2020	https://twitter.com/twitter/statuses/1339541755016990720	0	1	[{'text': 'COVID19', 'indices': [233, 241]}, {'text': 'coronavirusuk', 'indices': [242, 256]}, {'text': 'StayHome', 'indices': [257, 266]}, {'text': 'lockdown', 'indices': [267, 276]}]
17	15944	"Detailed and Hygenically Prepared!
ALL OUR INGREDIENTS ARE FRESH AND ORGANIC

Stay Safe...Let carry your food burden.

*Merry Christmas*

#menuroom #christmas #december #foodelivery #foodinlagos #christmascombo #foodies #foodservice #foodinlagos #yummy #staysafe #stayhome"	Menuroom_	Thu Dec 17 10:55:13 +0000 2020	https://twitter.com/twitter/statuses/1339524546546774017	0	2	[{'text': 'menuroom', 'indices': [138, 147]}, {'text': 'christmas', 'indices': [148, 158]}, {'text': 'december', 'indices': [159, 168]}, {'text': 'foodelivery', 'indices': [169, 181]}, {'text': 'foodinlagos', 'indices': [182, 194]}, {'text': 'christmascombo', 'indices': [195, 210]}, {'text': 'foodies', 'indices': [211, 219]}, {'text': 'foodservice', 'indices': [220, 232]}, {'text': 'foodinlagos', 'indices': [233, 245]}, {'text': 'yummy', 'indices': [246, 252]}, {'text': 'staysafe', 'indices': [253, 262]}, {'text': 'stayhome', 'indices': [263, 272]}]
18	16243	"@davidjjfield Thank you for what you and other #frontline workers do. 

Hopefully more people will do the same to stop the spread of #covid or it's going to be a long January in #Lockdown3 
#WearAMask #washyourhands #StaySafe #StayHome 
#Christmas is just a day don't stress over it."	crochet_crafter	Thu Dec 17 11:08:52 +0000 2020	https://twitter.com/twitter/statuses/1339527980171857922	0	1	[{'text': 'frontline', 'indices': [47, 57]}, {'text': 'covid', 'indices': [133, 139]}, {'text': 'Lockdown3', 'indices': [178, 188]}, {'text': 'WearAMask', 'indices': [190, 200]}, {'text': 'washyourhands', 'indices': [201, 215]}, {'text': 'StaySafe', 'indices': [216, 225]}, {'text': 'StayHome', 'indices': [226, 235]}, {'text': 'Christmas', 'indices': [237, 247]}]
19	17778	"@MattHancock says it is a matter of people's ""personal responsibility"" to hold Christmas gatherings in a way that is safe next week.

#COVID19 #SaveLives #StaySafe #StayHome

https://t.co/d1aXAlgBeq"	drjpmark	Thu Dec 17 12:22:02 +0000 2020	https://twitter.com/twitter/statuses/1339546392608591873	0	1	[{'text': 'COVID19', 'indices': [134, 142]}, {'text': 'SaveLives', 'indices': [143, 153]}, {'text': 'StaySafe', 'indices': [154, 163]}, {'text': 'StayHome', 'indices': [164, 173]}]
20	2213	Happy Monday everyone! Have a lovely day! üòÉüêæ #mondaythoughts #mondaymorning #advent #door7 #dogfashion #princessandthepug #robin #Christmas #lockdownuk #stayhome #staysafe #dogsoftwitter #dogsofinstagram https://t.co/0ByERGIs54	hollyrustipug14	Mon Dec 07 13:32:52 +0000 2020	https://twitter.com/twitter/statuses/1335940338817650689	5	76	[{'text': 'mondaythoughts', 'indices': [45, 60]}, {'text': 'mondaymorning', 'indices': [61, 75]}, {'text': 'advent', 'indices': [76, 83]}, {'text': 'door7', 'indices': [84, 90]}, {'text': 'dogfashion', 'indices': [91, 102]}, {'text': 'princessandthepug', 'indices': [103, 121]}, {'text': 'robin', 'indices': [122, 128]}, {'text': 'Christmas', 'indices': [129, 139]}, {'text': 'lockdownuk', 'indices': [140, 151]}, {'text': 'stayhome', 'indices': [152, 161]}, {'text': 'staysafe', 'indices': [162, 171]}, {'text': 'dogsoftwitter', 'indices': [172, 186]}, {'text': 'dogsofinstagram', 'indices': [187, 203]}]
QUERY: 	test results
Ranking	Tweet	Text	Username	Date	URL	Retweets	Likes	Hashtags
 
1	13178	Where the hell my covid test results at	thatsmallory	Wed Dec 16 22:17:34 +0000 2020	https://twitter.com/twitter/statuses/1339333876318171138	0	0	[]
2	6875	"With @LabCorp having a #COVID19 #PCR test cycle threshold of 40, where the norm is 25, practically everyone in Guilford County is getting a false positive result.

#Hops #Lawndale #gsopol #ncpol"	FecundStench	Mon Dec 07 16:20:19 +0000 2020	https://twitter.com/twitter/statuses/1335982480965382144	1	0	[{'text': 'COVID19', 'indices': [23, 31]}, {'text': 'PCR', 'indices': [32, 36]}, {'text': 'Hops', 'indices': [164, 169]}, {'text': 'Lawndale', 'indices': [170, 179]}, {'text': 'gsopol', 'indices': [180, 187]}, {'text': 'ncpol', 'indices': [188, 194]}]
3	16024	"@Goodfrens1 @Jo32503395 If the results of the vaccine efficacy study are based on the PCR test which is unreliable.
Are they doing the same 45+ cycles that provides such a high false positive rate or are they doing a much more conservative amount of cycles? #Pfizer #Pfizervaccine #Covid_19 #vaccine #PCR"	ellhard	Thu Dec 17 10:59:41 +0000 2020	https://twitter.com/twitter/statuses/1339525669110202369	1	1	[{'text': 'Pfizer', 'indices': [258, 265]}, {'text': 'Pfizervaccine', 'indices': [266, 280]}, {'text': 'Covid_19', 'indices': [281, 290]}, {'text': 'vaccine', 'indices': [291, 299]}, {'text': 'PCR', 'indices': [300, 304]}]
4	16295	"@Dopey_72F If the results of the vaccine efficacy study are based on the PCR test which is unreliable.
Are they doing the same 45+ cycles that provides such a high false positive rate or are they doing a much more conservative amount of cycles? #Pfizer #Pfizervaccine #Covid_19 #vaccine #PCR"	ellhard	Thu Dec 17 11:11:46 +0000 2020	https://twitter.com/twitter/statuses/1339528711549329408	0	0	[{'text': 'Pfizer', 'indices': [245, 252]}, {'text': 'Pfizervaccine', 'indices': [253, 267]}, {'text': 'Covid_19', 'indices': [268, 277]}, {'text': 'vaccine', 'indices': [278, 286]}, {'text': 'PCR', 'indices': [287, 291]}]
5	15975	"If the results of the vaccine efficacy study are based on the PCR test which is unreliable.
Are they doing the same 45+ cycles that provides such a high false positive rate or are they doing a much more conservative amount of cycles? #Pfizer #Pfizervaccine #Covid_19 #vaccine #PCR"	ellhard	Thu Dec 17 10:56:56 +0000 2020	https://twitter.com/twitter/statuses/1339524978811662336	0	0	[{'text': 'Pfizer', 'indices': [234, 241]}, {'text': 'Pfizervaccine', 'indices': [242, 256]}, {'text': 'Covid_19', 'indices': [257, 266]}, {'text': 'vaccine', 'indices': [267, 275]}, {'text': 'PCR', 'indices': [276, 280]}]
6	16282	"@CathalOhEanna @fiannafailparty If the results of the vaccine efficacy study are based on the PCR test which is unreliable.
Are they doing the same 45+ cycles that provides such a high false positive rate or are they doing a much more conservative amount of cycles? #Pfizer #Pfizervaccine #Covid_19 #vaccine #PCR"	ellhard	Thu Dec 17 11:10:55 +0000 2020	https://twitter.com/twitter/statuses/1339528498457657344	0	0	[{'text': 'Pfizer', 'indices': [266, 273]}, {'text': 'Pfizervaccine', 'indices': [274, 288]}, {'text': 'Covid_19', 'indices': [289, 298]}, {'text': 'vaccine', 'indices': [299, 307]}, {'text': 'PCR', 'indices': [308, 312]}]
7	13918	FDA authorizes rapid, at-home Covid test kit, costs ‚Äì$30 with results in 15 min https://t.co/rqSUIxpy9d (https://t.co/TkUvuBRHe4)	newsyc250	Wed Dec 16 22:18:20 +0000 2020	https://twitter.com/twitter/statuses/1339334068366958603	0	0	[]
8	4379	"@NYGovCuomo A rapid #PCR test  is done, if it tests positive: A 2nd swab test is done that goes to the State. 3-4 days later the results come back negative. 

Patient shows no symptoms meaning their asymptomatic.

Media counts it as an infection &amp; doesn't uncount 1st false postive PCR test. https://t.co/YaCB1TNl0S"	occupycorruptDC	Mon Dec 07 14:55:56 +0000 2020	https://twitter.com/twitter/statuses/1335961244218646529	39	54	[{'text': 'PCR', 'indices': [20, 24]}]
9	3924	The Lateral Flow Test - a first line of defence in the fight against #coronavirus. Boxes of 40 tests available NOW! Results within 15-20 mins. Only  ¬£19.99 + VAT per test. Minimum order 1 box.  https://t.co/x6Mzr4RXja #covid19 https://t.co/UCue8gT4K5	MediInnUkLtd	Mon Dec 07 14:39:39 +0000 2020	https://twitter.com/twitter/statuses/1335957147532877825	0	0	[{'text': 'coronavirus', 'indices': [69, 81]}, {'text': 'covid19', 'indices': [218, 226]}]
10	5741	"Important.
External peer review of the RTPCR test to detect SARS-CoV-2 reveals 10 major scientific flaws at the molecular and methodological level: consequences for false positive results.
See link below. https://t.co/akk68etqH2"	Charlotte3003G	Mon Dec 07 15:42:25 +0000 2020	https://twitter.com/twitter/statuses/1335972942405103621	22	34	[]
11	2997	Worried about workforce downtime due to #Covid19? The simple solution is the Novel Coronavirus 2019-nCoV Antigen Test - Lateral Flow Test.  Results within 15-20 mins = Peace of mind! #BizHour #coronavirus #lateralflowtest  https://t.co/WDH7MnFBwZ https://t.co/77q83Xr5NL	MediInnUkLtd	Mon Dec 07 14:05:10 +0000 2020	https://twitter.com/twitter/statuses/1335948470579032071	0	3	[{'text': 'Covid19', 'indices': [40, 48]}, {'text': 'BizHour', 'indices': [183, 191]}, {'text': 'coronavirus', 'indices': [192, 204]}, {'text': 'lateralflowtest', 'indices': [205, 221]}]
12	7305	#Coronavirus #York updates; 5th Dec 2020.  TWO additional deaths announced by York Hospital Trust. TWENTY SEVEN (27) additional positive test results. Case rate /100k population has fallen to 64.1. Reduction may be slowing. 5 areas have fewer than 3 cases. https://t.co/a0BS8T6k0W https://t.co/PeekZbajsW	SteveGallowayYk	Sat Dec 05 17:27:17 +0000 2020	https://twitter.com/twitter/statuses/1335274560103575552	1	1	[{'text': 'Coronavirus', 'indices': [0, 12]}, {'text': 'York', 'indices': [13, 18]}]
13	12234	"Update: I got my negative test result early this afternoon. Less than 24 hours after my test.

There are less than 2 more hours left to get tested for #COVID19 at @GLIDEsf this week! If you're in #SanFrancisco - Go! https://t.co/zt9pwIhvXv"	realchrisjbeale	Wed Dec 16 22:16:34 +0000 2020	https://twitter.com/twitter/statuses/1339333627159592960	0	2	[{'text': 'COVID19', 'indices': [151, 159]}, {'text': 'SanFrancisco', 'indices': [196, 209]}]
14	858	@michaelmina_lab @lee_spraggon A #SARSCoV2 test that takes &gt; 24 hrs to result is not useful	CarlosdelRio7	Sat Dec 05 17:05:25 +0000 2020	https://twitter.com/twitter/statuses/1335269054731399168	1	5	[{'text': 'SARSCoV2', 'indices': [33, 42]}]
15	210	FDA Allows 1st Rapid COVID Test That Gives Results at Home https://t.co/6bIJKlHODM	akifmalik	Wed Nov 18 10:19:38 +0000 2020	https://twitter.com/twitter/statuses/1329006343391469569	0	1	[]
16	6940	After 9 miserable months of the #Coronavirus nightmare, is there a US national standard for testing people without symptoms, including test timing‚Äîhow many days after assumed or suspected exposure to the virus‚Äîand lab analysis protocols, in order to avoid false positive results?	ForeignC	Mon Dec 07 16:22:40 +0000 2020	https://twitter.com/twitter/statuses/1335983071846428675	0	1	[{'text': 'Coronavirus', 'indices': [32, 44]}]
17	14256	Due to positive lab results from Covid tests for a few members of our congregation and staff, all activities this week have been cancelled including services on Sunday, December 20th.  For more info see our website or Facebook. https://t.co/pn2GJXtybq	FirstWaxahachie	Wed Dec 16 22:18:42 +0000 2020	https://twitter.com/twitter/statuses/1339334161107181576	0	0	[]
18	5578	@IrishVoice1 @Independent_ie Ciara Kelly finally considering #COVID19 debate? There is no real medical evidence available for #NPHET to recommend Level 5 Restrictions. #PCR Test gives 90%+ False Positive Results so MSM announcing huge increase in ‚Äúcases‚Äù is major part of problem.  https://t.co/aL1230jERG	duzBme	Mon Dec 07 15:36:36 +0000 2020	https://twitter.com/twitter/statuses/1335971481499693057	0	0	[{'text': 'COVID19', 'indices': [61, 69]}, {'text': 'NPHET', 'indices': [126, 132]}, {'text': 'PCR', 'indices': [168, 172]}]
19	5485	Care home giant Balhousie trials new Covid-19 test with results in 30 minute in Tayside https://t.co/eRHOppIK9B #coronavirus #covid19	corona_scotnews	Mon Dec 07 15:33:32 +0000 2020	https://twitter.com/twitter/statuses/1335970708589973509	0	0	[{'text': 'coronavirus', 'indices': [112, 124]}, {'text': 'covid19', 'indices': [125, 133]}]
20	13679	"The new cases were a couple who did not isolate while waiting for the results of their COVID tests, a breach of guidelines.

‚ÄúThey took a long time to track down,‚Äù an official familiar with the matter said, confirming the pair did not isolate. @australian

https://t.co/fykPsGYCte"	maxmaddison	Wed Dec 16 22:18:05 +0000 2020	https://twitter.com/twitter/statuses/1339334008614752256	0	0	[]
QUERY: 	#wearamask
Ranking	Tweet	Text	Username	Date	URL	Retweets	Likes	Hashtags
 
1	18683	This. #WearAMask https://t.co/pYqojdNlN8	bootsiannakfu73	Thu Dec 17 13:03:12 +0000 2020	https://twitter.com/twitter/statuses/1339556752744968192	1	1	[{'text': 'WearAMask', 'indices': [6, 16]}]
2	15714	This ‚¨áÔ∏è‚¨áÔ∏è‚¨áÔ∏è #WearAMask https://t.co/IPVv3ufGWA	LeonHendrix	Thu Dec 17 10:44:32 +0000 2020	https://twitter.com/twitter/statuses/1339521857393995776	1	6	[{'text': 'WearAMask', 'indices': [12, 22]}]
3	1706	This is why you #WearAMask https://t.co/tsPKPq46MR	markthehare	Mon Dec 07 13:11:14 +0000 2020	https://twitter.com/twitter/statuses/1335934896926232577	0	0	[{'text': 'WearAMask', 'indices': [16, 26]}]
4	619	@DebDlene Same here. #WearAMask	Smallhaven2	Sat Dec 05 16:56:42 +0000 2020	https://twitter.com/twitter/statuses/1335266862213472257	0	1	[{'text': 'WearAMask', 'indices': [21, 31]}]
5	5368	Why we should all #WearAMask https://t.co/Ca5CroRPIY	kathyluwho	Mon Dec 07 15:29:43 +0000 2020	https://twitter.com/twitter/statuses/1335969747607891968	0	0	[{'text': 'WearAMask', 'indices': [18, 28]}]
6	6384	Why we should #wearamask. https://t.co/3XipV6QpV0	Blooloop	Mon Dec 07 16:03:31 +0000 2020	https://twitter.com/twitter/statuses/1335978253971054600	0	1	[{'text': 'wearamask', 'indices': [14, 24]}]
7	3380	What not to do #WearAMask https://t.co/ywNrJQGi5l	Stefanienewone	Mon Dec 07 14:20:14 +0000 2020	https://twitter.com/twitter/statuses/1335952262632361985	0	0	[{'text': 'WearAMask', 'indices': [15, 25]}]
8	18539	Now #WearAMask and #TakeTheVaccineüíâ	aleytohamy	Thu Dec 17 12:57:26 +0000 2020	https://twitter.com/twitter/statuses/1339555300504907782	0	0	[{'text': 'WearAMask', 'indices': [4, 14]}, {'text': 'TakeTheVaccine', 'indices': [19, 34]}]
9	7978	#NotAllHeroesWearCapes ...but they do #WearAMask https://t.co/l6aB6EWDUX	GregCurtin	Wed Dec 16 22:12:11 +0000 2020	https://twitter.com/twitter/statuses/1339332522568790027	0	0	[{'text': 'NotAllHeroesWearCapes', 'indices': [0, 22]}, {'text': 'WearAMask', 'indices': [38, 48]}]
10	3439	#WearAMask to conform https://t.co/HeNTvUpViq	GGin701	Mon Dec 07 14:22:20 +0000 2020	https://twitter.com/twitter/statuses/1335952787641921537	0	0	[{'text': 'WearAMask', 'indices': [0, 10]}]
11	2340	Again... #notmany #WearAMask #DoTheRightThing https://t.co/7d6OjAQGEP	bgreen	Mon Dec 07 13:38:13 +0000 2020	https://twitter.com/twitter/statuses/1335941685507919873	0	1	[{'text': 'notmany', 'indices': [9, 17]}, {'text': 'WearAMask', 'indices': [18, 28]}, {'text': 'DoTheRightThing', 'indices': [29, 45]}]
12	18767	Yikes. #WearAMask https://t.co/wkKOwF0s0x	athleteswalk	Thu Dec 17 13:07:08 +0000 2020	https://twitter.com/twitter/statuses/1339557743846416384	0	1	[{'text': 'WearAMask', 'indices': [7, 17]}]
13	7574	"I pledge 2mask up #WearAMask 
#WearMaskSaveLife https://t.co/hZzNy1kdxO"	JDangzalan	Sat Dec 05 17:49:11 +0000 2020	https://twitter.com/twitter/statuses/1335280068914868225	0	2	[{'text': 'WearAMask', 'indices': [18, 28]}, {'text': 'WearMaskSaveLife', 'indices': [30, 47]}]
14	862	Scary! #WearAMask https://t.co/lWe0xdWxYQ	AlexFTweets	Sat Dec 05 17:05:40 +0000 2020	https://twitter.com/twitter/statuses/1335269118677835777	0	0	[{'text': 'WearAMask', 'indices': [7, 17]}]
15	16056	&lt;3 CoronaDeathToll #WearAMask https://t.co/vxS0JVt9yT	faulancr	Thu Dec 17 11:00:19 +0000 2020	https://twitter.com/twitter/statuses/1339525828686831616	0	0	[{'text': 'WearAMask', 'indices': [22, 32]}]
16	15276	#WearAMask forever https://t.co/VXqiMR7AtW	TheSamColeridge	Thu Dec 17 10:22:41 +0000 2020	https://twitter.com/twitter/statuses/1339516357986168832	0	0	[{'text': 'WearAMask', 'indices': [0, 10]}]
17	954	"This dude...‚ù§‚ù§‚ù§
#WearAMask https://t.co/w9Jn8jjtcl"	whiskeynow1980	Sat Dec 05 17:09:35 +0000 2020	https://twitter.com/twitter/statuses/1335270103345205251	0	1	[{'text': 'WearAMask', 'indices': [16, 26]}]
18	7301	@Transition46 @DoctorsForBiden Thisüëáü§£ #WearAMask #WearMaskProtectLife https://t.co/tzLC2ytQv6	IcuNoItAll	Sat Dec 05 17:27:15 +0000 2020	https://twitter.com/twitter/statuses/1335274551165530114	0	0	[{'text': 'WearAMask', 'indices': [38, 48]}, {'text': 'WearMaskProtectLife', 'indices': [49, 69]}]
19	3542	@Moshi0313 @betsyo86740871 @GovRonDeSantis #WearAMask and SU	Diana4Dems	Mon Dec 07 14:25:45 +0000 2020	https://twitter.com/twitter/statuses/1335953649214889984	0	2	[{'text': 'WearAMask', 'indices': [43, 53]}]
20	4633	This is why we need to #stayhome #WearAMask and #SocialDistance ! https://t.co/qKmH1DKAH2	ashleymatter1	Mon Dec 07 15:02:44 +0000 2020	https://twitter.com/twitter/statuses/1335962955897327616	1	1	[{'text': 'stayhome', 'indices': [23, 32]}, {'text': 'WearAMask', 'indices': [33, 43]}, {'text': 'SocialDistance', 'indices': [48, 63]}]
