QUERY: 	new coronavirus cases
Ranking	Tweet	Text	Username	Date	URL	Retweets	Likes	Hashtags	Cluster
 
1	14359	#CORONAVIRUS UPDATE: The state reported 3,817 new cases of the #COVID19 this morning ‚Äî this is the second-largest daily increase of new cases since the pandemic began. The largest increase was recorded yesterday at 3,880 new cases. https://t.co/ATAq5P7ry1 #Virginia	8NEWS	Mon Dec 07 15:53:05 +0000 2020	https://twitter.com/twitter/statuses/1335975628127035394	1	3	[{'text': 'CORONAVIRUS', 'indices': [0, 12]}, {'text': 'COVID19', 'indices': [63, 71]}, {'text': 'Virginia', 'indices': [256, 265]}]	1
2	4406	RT @BangkokPostNews: #ChiangRai reported 6 more #coronavirus #COVID19 cases from Thais returning from Tachilek. The new cases have not been‚Ä¶	alexchoe21	Mon Dec 07 13:54:06 +0000 2020	https://twitter.com/twitter/statuses/1335945683447136263	11	0	[{'text': 'ChiangRai', 'indices': [21, 31]}, {'text': 'coronavirus', 'indices': [48, 60]}, {'text': 'COVID19', 'indices': [61, 69]}]	1
3	4983	RT @AlArabiya_Eng: #SaudiArabia reports 209 new #coronavirus cases, bringing the total to 358,922 cases, according to the Ministry of Healt‚Ä¶	ReflectingMan	Mon Dec 07 14:02:40 +0000 2020	https://twitter.com/twitter/statuses/1335947841328590850	3	0	[{'text': 'SaudiArabia', 'indices': [19, 31]}, {'text': 'coronavirus', 'indices': [48, 60]}]	1
4	4749	RT @AlArabiya_Eng: #SaudiArabia reports 209 new #coronavirus cases, bringing the total to 358,922 cases, according to the Ministry of Healt‚Ä¶	abuaishaaqm	Mon Dec 07 13:59:50 +0000 2020	https://twitter.com/twitter/statuses/1335947127965569029	3	0	[{'text': 'SaudiArabia', 'indices': [19, 31]}, {'text': 'coronavirus', 'indices': [48, 60]}]	1
5	4685	RT @AlArabiya_Eng: #SaudiArabia reports 209 new #coronavirus cases, bringing the total to 358,922 cases, according to the Ministry of Healt‚Ä¶	CoronaUpdateBot	Mon Dec 07 13:58:44 +0000 2020	https://twitter.com/twitter/statuses/1335946850705133569	3	0	[{'text': 'SaudiArabia', 'indices': [19, 31]}, {'text': 'coronavirus', 'indices': [48, 60]}]	1
6	4679	"#SaudiArabia reports 209 new #coronavirus cases, bringing the total to 358,922 cases, according to the Ministry of Health.

https://t.co/Bw3HnCB7iU"	AlArabiya_Eng	Mon Dec 07 13:58:39 +0000 2020	https://twitter.com/twitter/statuses/1335946827997253635	3	5	[{'text': 'SaudiArabia', 'indices': [0, 12]}, {'text': 'coronavirus', 'indices': [29, 41]}]	1
7	4072	RT @JatinPaul: .#CoronaVirusUpdate #CoronavirusPandemic 1,674 new #coronavirus cases, REDUCTION of 2,207 active cases 3,818 recoveries, 63‚Ä¶	basu_smarajit	Mon Dec 07 13:48:19 +0000 2020	https://twitter.com/twitter/statuses/1335944228736679936	4	0	[{'text': 'CoronaVirusUpdate', 'indices': [16, 34]}, {'text': 'CoronavirusPandemic', 'indices': [35, 55]}, {'text': 'coronavirus', 'indices': [66, 78]}]	1
8	3280	RT @JatinPaul: .#CoronaVirusUpdate #CoronavirusPandemic 1,674 new #coronavirus cases, REDUCTION of 2,207 active cases 3,818 recoveries, 63‚Ä¶	irfhabib	Mon Dec 07 13:36:57 +0000 2020	https://twitter.com/twitter/statuses/1335941368489766914	4	0	[{'text': 'CoronaVirusUpdate', 'indices': [16, 34]}, {'text': 'CoronavirusPandemic', 'indices': [35, 55]}, {'text': 'coronavirus', 'indices': [66, 78]}]	1
9	3089	RT @JatinPaul: .#CoronaVirusUpdate #CoronavirusPandemic 1,674 new #coronavirus cases, REDUCTION of 2,207 active cases 3,818 recoveries, 63‚Ä¶	mini_kapoor	Mon Dec 07 13:34:20 +0000 2020	https://twitter.com/twitter/statuses/1335940709925339136	4	0	[{'text': 'CoronaVirusUpdate', 'indices': [16, 34]}, {'text': 'CoronavirusPandemic', 'indices': [35, 55]}, {'text': 'coronavirus', 'indices': [66, 78]}]	1
10	14396	There were 16 health units that reported 10 or more new cases, with Toronto, Durham, Peel and York each reporting more than 100 new cases. There were 12 that reported fewer than 10 new cases, while six reported none. #COVID19Ontario #coronavirus #COVID19 https://t.co/ZMTxmOrlYP	SeanPrevil	Mon Dec 07 15:53:44 +0000 2020	https://twitter.com/twitter/statuses/1335975790035562496	0	0	[{'text': 'COVID19Ontario', 'indices': [217, 232]}, {'text': 'coronavirus', 'indices': [233, 245]}, {'text': 'COVID19', 'indices': [246, 254]}]	1
11	977	RT @galattadotcom: #Breaking: #CoronaTNUpdate 1,312 - new cases in #TN on Dec 07th! #Coronavirus positive cases in #TamilNadu Total - 791,5‚Ä¶	CoronaBot20	Mon Dec 07 13:00:08 +0000 2020	https://twitter.com/twitter/statuses/1335932104492933122	2	0	[{'text': 'Breaking', 'indices': [19, 28]}, {'text': 'CoronaTNUpdate', 'indices': [30, 45]}, {'text': 'TN', 'indices': [67, 70]}, {'text': 'Coronavirus', 'indices': [84, 96]}, {'text': 'TamilNadu', 'indices': [115, 125]}]	1
12	972	RT @galattadotcom: #Breaking: #CoronaTNUpdate 1,312 - new cases in #TN on Dec 07th! #Coronavirus positive cases in #TamilNadu Total - 791,5‚Ä¶	corona_alerts	Mon Dec 07 13:00:06 +0000 2020	https://twitter.com/twitter/statuses/1335932093461880834	2	0	[{'text': 'Breaking', 'indices': [19, 28]}, {'text': 'CoronaTNUpdate', 'indices': [30, 45]}, {'text': 'TN', 'indices': [67, 70]}, {'text': 'Coronavirus', 'indices': [84, 96]}, {'text': 'TamilNadu', 'indices': [115, 125]}]	1
13	12062	#NEW: Ontario is reporting 1,925 new cases of #COVID19 and 26 new deaths. There were nearly 45,300 tests completed. This surpasses the record for largest single-day increase of new cases. #COVID19Ontario #coronavirus https://t.co/BMw9Y0SphB	SeanPrevil	Mon Dec 07 15:23:27 +0000 2020	https://twitter.com/twitter/statuses/1335968171308748801	2	0	[{'text': 'NEW', 'indices': [0, 4]}, {'text': 'COVID19', 'indices': [46, 54]}, {'text': 'COVID19Ontario', 'indices': [188, 203]}, {'text': 'coronavirus', 'indices': [204, 216]}]	1
14	636	#COVID19 metrics remain high across NTX. Dallas County reported 1,852 new cases and 3 deaths Sunday. Tarrant County reported 1,535 new cases and 2 deaths Sunday. Denton County: 389 new cases Saturday. Collin County: 442 new cases and 5 deaths Saturday. #coronavirus #dfw https://t.co/SJBhVIs9E5	NicOseiNews	Mon Dec 07 12:53:55 +0000 2020	https://twitter.com/twitter/statuses/1335930539807797248	2	2	[{'text': 'COVID19', 'indices': [0, 8]}, {'text': 'coronavirus', 'indices': [253, 265]}, {'text': 'dfw', 'indices': [266, 270]}]	1
15	16521	Health Ministry: 984 new #coronavirus cases, 16 new deaths in #Lebanon	MTVEnglishNews	Mon Dec 07 16:22:37 +0000 2020	https://twitter.com/twitter/statuses/1335983060840574977	0	1	[{'text': 'coronavirus', 'indices': [25, 37]}, {'text': 'Lebanon', 'indices': [62, 70]}]	1
16	5427	"#COVID19Update (7 Dec): 178 new confirmed cases (133 community cases, 45 returnees from abroad), no new death, and 218 new recoveries in the last 24 hours.

#FlatteningTheCurve #YourSafetyIsMySafety #QatarCOVID19Watch #Coronavirus #CoronavirusQatar #COVID19Qatar @MOPHQatar https://t.co/ABcwVwJOzD"	MarhabaQatar	Mon Dec 07 14:09:32 +0000 2020	https://twitter.com/twitter/statuses/1335949567121006592	0	0	[{'text': 'COVID19Update', 'indices': [0, 14]}, {'text': 'FlatteningTheCurve', 'indices': [157, 176]}, {'text': 'YourSafetyIsMySafety', 'indices': [177, 198]}, {'text': 'QatarCOVID19Watch', 'indices': [199, 217]}, {'text': 'Coronavirus', 'indices': [218, 230]}, {'text': 'CoronavirusQatar', 'indices': [231, 248]}, {'text': 'COVID19Qatar', 'indices': [249, 262]}]	1
17	192	"#Breaking: #CoronaTNUpdate 1,312 - new cases in #TN on Dec 07th! #Coronavirus positive cases in #TamilNadu Total - 791,552 | 

#COVID #COVID19India #CoronaOutbreak #CoronaVirus #Corona #GalattaCares"	galattadotcom	Mon Dec 07 12:46:22 +0000 2020	https://twitter.com/twitter/statuses/1335928637766320131	2	3	[{'text': 'Breaking', 'indices': [0, 9]}, {'text': 'CoronaTNUpdate', 'indices': [11, 26]}, {'text': 'TN', 'indices': [48, 51]}, {'text': 'Coronavirus', 'indices': [65, 77]}, {'text': 'TamilNadu', 'indices': [96, 106]}, {'text': 'COVID', 'indices': [127, 133]}, {'text': 'COVID19India', 'indices': [134, 147]}, {'text': 'CoronaOutbreak', 'indices': [148, 163]}, {'text': 'CoronaVirus', 'indices': [164, 176]}, {'text': 'Corona', 'indices': [177, 184]}, {'text': 'GalattaCares', 'indices': [185, 198]}]	1
18	11623	More than 1,900 new #COVID19 cases in #Ontario today https://t.co/KuLdzCVfPH #Coronavirus	Oldies1009	Mon Dec 07 15:17:50 +0000 2020	https://twitter.com/twitter/statuses/1335966757576724482	0	2	[{'text': 'COVID19', 'indices': [20, 28]}, {'text': 'Ontario', 'indices': [38, 46]}, {'text': 'Coronavirus', 'indices': [77, 89]}]	1
19	1862	"A total of 316 new corona positive cases are reported in last 24 hours in AP, with this total positive cases reaches 8,72,288 and the death toll rises to 7,038. While 8,59.624 patients recovered and 5,626 cases are being treated.

#CoronaVirusInAP #APGovt #CoronaVirus  #MangoNews https://t.co/oRnYuNLQdz"	Mango_News	Mon Dec 07 13:15:00 +0000 2020	https://twitter.com/twitter/statuses/1335935843853164552	0	0	[{'text': 'CoronaVirusInAP', 'indices': [231, 247]}, {'text': 'APGovt', 'indices': [248, 255]}, {'text': 'CoronaVirus', 'indices': [256, 268]}, {'text': 'MangoNews', 'indices': [270, 280]}]	1
20	12659	"[2020-12-07]
New Cases: 1925
Tests Completed: 45283
% Positivity: 4.25
Total Cases: 129234
#COVID19Toronto #COVID19Ontario #Coronavirus
Like and retweet to inform others!
https://t.co/natWmgGfNQ"	OntarioCovid19	Mon Dec 07 15:30:56 +0000 2020	https://twitter.com/twitter/statuses/1335970052902948871	3	6	[{'text': 'COVID19Toronto', 'indices': [91, 106]}, {'text': 'COVID19Ontario', 'indices': [107, 122]}, {'text': 'Coronavirus', 'indices': [123, 135]}]	1
QUERY: 	covid vaccine
Ranking	Tweet	Text	Username	Date	URL	Retweets	Likes	Hashtags	Cluster
 
1	9556	Dec. 6 Covid news and updates on latest with vaccines https://t.co/OEF0GsPf4e via @NBCNews #covid19 #coronavirus #vaccine	NNVCNYSE	Mon Dec 07 14:55:30 +0000 2020	https://twitter.com/twitter/statuses/1335961138257940483	0	0	[{'text': 'covid19', 'indices': [91, 99]}, {'text': 'coronavirus', 'indices': [100, 112]}, {'text': 'vaccine', 'indices': [113, 121]}]	1
2	9515	WATCH PLEASE. PROTECT YOUR FAMILIES. #vaccines #vaccine #coronavirusvaccine #coronavirus #covid_19 #covid #fakevaccine #fuckyourvaccine https://t.co/emcXPAKIMx	spazecraft	Mon Dec 07 14:55:06 +0000 2020	https://twitter.com/twitter/statuses/1335961034251649026	0	0	[{'text': 'vaccines', 'indices': [37, 46]}, {'text': 'vaccine', 'indices': [47, 55]}, {'text': 'coronavirusvaccine', 'indices': [56, 75]}, {'text': 'coronavirus', 'indices': [76, 88]}, {'text': 'covid_19', 'indices': [89, 98]}, {'text': 'covid', 'indices': [99, 105]}, {'text': 'fakevaccine', 'indices': [106, 118]}, {'text': 'fuckyourvaccine', 'indices': [119, 135]}]	1
3	9518	üìπ WATCH PLEASE. PROTECT YOUR FAMILIES. #vaccines #vaccine #coronavirusvaccine #coronavirus #covid_19 #covid #fakevaccine #fuckyourvaccine https://t.co/elOqFYos9X https://t.co/UblU0eeyls	spazecraft	Mon Dec 07 14:55:07 +0000 2020	https://twitter.com/twitter/statuses/1335961037997285377	0	0	[{'text': 'vaccines', 'indices': [39, 48]}, {'text': 'vaccine', 'indices': [49, 57]}, {'text': 'coronavirusvaccine', 'indices': [58, 77]}, {'text': 'coronavirus', 'indices': [78, 90]}, {'text': 'covid_19', 'indices': [91, 100]}, {'text': 'covid', 'indices': [101, 107]}, {'text': 'fakevaccine', 'indices': [108, 120]}, {'text': 'fuckyourvaccine', 'indices': [121, 137]}]	1
4	15983	#covid deadier than #flu get your #vaccine #lockdown https://t.co/72KsiI5BD3	YanneJhen	Mon Dec 07 16:15:42 +0000 2020	https://twitter.com/twitter/statuses/1335981320141295616	0	0	[{'text': 'covid', 'indices': [0, 6]}, {'text': 'flu', 'indices': [20, 24]}, {'text': 'vaccine', 'indices': [34, 42]}, {'text': 'lockdown', 'indices': [43, 52]}]	1
5	14059	"Damn, the world out here doing a COVID vaccine speedrun

#COVID19 #coronavirus"	jdr_rose	Mon Dec 07 15:49:16 +0000 2020	https://twitter.com/twitter/statuses/1335974666742222848	0	0	[{'text': 'COVID19', 'indices': [57, 65]}, {'text': 'coronavirus', 'indices': [66, 78]}]	1
6	7209	#covid deadier than #flu get your #vaccine #lockdown https://t.co/1ruky2Bx6j	Suyal50057699	Mon Dec 07 14:31:22 +0000 2020	https://twitter.com/twitter/statuses/1335955064456790018	0	0	[{'text': 'covid', 'indices': [0, 6]}, {'text': 'flu', 'indices': [20, 24]}, {'text': 'vaccine', 'indices': [34, 42]}, {'text': 'lockdown', 'indices': [43, 52]}]	1
7	617	"Mandatory Covid Vaccine Coming SOON! #coronavirus üíâüíâüíâ
https://t.co/2ap6IPt4KV"	PatriotLisa777	Mon Dec 07 12:53:45 +0000 2020	https://twitter.com/twitter/statuses/1335930494953918467	0	0	[{'text': 'coronavirus', 'indices': [37, 49]}]	1
8	15217	"Covid live updates and vaccine news: Latest vaccine plans and state restrictions, NBC News #coronavirus #COVID19 #CoronaInfoCH #Corona #COVID #COVID19 #Covid_19 #SARSCoV2 ...
https://t.co/4nv3Xg5ONA"	covidnewsCH	Mon Dec 07 16:04:08 +0000 2020	https://twitter.com/twitter/statuses/1335978409328078849	0	0	[{'text': 'coronavirus', 'indices': [91, 103]}, {'text': 'COVID19', 'indices': [104, 112]}, {'text': 'CoronaInfoCH', 'indices': [113, 126]}, {'text': 'Corona', 'indices': [127, 134]}, {'text': 'COVID', 'indices': [135, 141]}, {'text': 'COVID19', 'indices': [142, 150]}, {'text': 'Covid_19', 'indices': [151, 160]}, {'text': 'SARSCoV2', 'indices': [161, 170]}]	1
9	1192	"#COVID19 #CovidVaccine #CoronavirusVaccine #covid_19 #COVID„Éº19 #COVID #coronavirus #lockdown #vaccine #vaccines 

Of course they would put their Corona (crown) logo on it because it was all a plandemic. https://t.co/doIcsgNHs3"	5GenocIDe	Mon Dec 07 13:03:45 +0000 2020	https://twitter.com/twitter/statuses/1335933013499256838	0	0	[{'text': 'COVID19', 'indices': [0, 8]}, {'text': 'CovidVaccine', 'indices': [9, 22]}, {'text': 'CoronavirusVaccine', 'indices': [23, 42]}, {'text': 'covid_19', 'indices': [43, 52]}, {'text': 'COVID„Éº19', 'indices': [53, 62]}, {'text': 'COVID', 'indices': [63, 69]}, {'text': 'coronavirus', 'indices': [70, 82]}, {'text': 'lockdown', 'indices': [83, 92]}, {'text': 'vaccine', 'indices': [93, 101]}, {'text': 'vaccines', 'indices': [102, 111]}]	1
10	1868	"Here‚Äôs how the US, China, the UK, and other countries are planning to distribute #COVID19 #Vaccines to their populations‚Ä¶

https://t.co/dAJ4MzA09L #VaccinesWork #Vaccine #COVID #Coronavirus #COVID19vaccine #CoronavirusVaccine #Vaccinations #Pandemic #PublicHealth #Logistics"	Joseph_Santoro	Mon Dec 07 13:15:03 +0000 2020	https://twitter.com/twitter/statuses/1335935857958809602	0	0	[{'text': 'COVID19', 'indices': [81, 89]}, {'text': 'Vaccines', 'indices': [90, 99]}, {'text': 'VaccinesWork', 'indices': [147, 160]}, {'text': 'Vaccine', 'indices': [161, 169]}, {'text': 'COVID', 'indices': [170, 176]}, {'text': 'Coronavirus', 'indices': [177, 189]}, {'text': 'COVID19vaccine', 'indices': [190, 205]}, {'text': 'CoronavirusVaccine', 'indices': [206, 225]}, {'text': 'Vaccinations', 'indices': [226, 239]}, {'text': 'Pandemic', 'indices': [240, 249]}, {'text': 'PublicHealth', 'indices': [250, 263]}, {'text': 'Logistics', 'indices': [264, 274]}]	1
11	1124	But.. But.. You're just a facebook karen üòÇü§∑‚Äç‚ôÇÔ∏è #covid #COVID19 #coronavirus #vaccine #liverpool https://t.co/a7Gt13ntRV	Mackey69er2	Mon Dec 07 13:02:22 +0000 2020	https://twitter.com/twitter/statuses/1335932666307342336	0	0	[{'text': 'covid', 'indices': [47, 53]}, {'text': 'COVID19', 'indices': [54, 62]}, {'text': 'coronavirus', 'indices': [63, 75]}, {'text': 'vaccine', 'indices': [76, 84]}, {'text': 'liverpool', 'indices': [85, 95]}]	1
12	10567	Please guys this is the only way out of the pandemic! Don‚Äôt believe the negative BS around vaccines. We can‚Äôt afford for 2021 to be a disaster like 2020.  Protect yourself and others! üôè #vaccine #covid_19 #covid #coronavirus https://t.co/aDfvg28ZDf	ianwaite	Mon Dec 07 15:06:08 +0000 2020	https://twitter.com/twitter/statuses/1335963813447929858	25	513	[{'text': 'vaccine', 'indices': [186, 194]}, {'text': 'covid_19', 'indices': [195, 204]}, {'text': 'covid', 'indices': [205, 211]}, {'text': 'coronavirus', 'indices': [212, 224]}]	1
13	10389	Please guys this is the only way out of the pandemic! Don‚Äôt believe the negative BS around vaccines. We can‚Äôt afford for 2021 to be a disaster like 2020.  Protect yourself and others! üôè #vaccine #covid_19 #covid #coronavirus https://t.co/PrQyNLW344	ianwaite	Mon Dec 07 15:04:17 +0000 2020	https://twitter.com/twitter/statuses/1335963348542906369	14	129	[{'text': 'vaccine', 'indices': [186, 194]}, {'text': 'covid_19', 'indices': [195, 204]}, {'text': 'covid', 'indices': [205, 211]}, {'text': 'coronavirus', 'indices': [212, 224]}]	1
14	11518	"Covid: Army could be used to transport vaccine, says minister via @BBCNews 

https://t.co/jJH9xfxqri

#UK #Brexit #COVID19 #coronavirus #vaccines #healthcare #medicine #science #research #workers #economy #politics #RegionalSecurity #WHO"	ChuckDalldorf	Mon Dec 07 15:16:49 +0000 2020	https://twitter.com/twitter/statuses/1335966501182918656	0	0	[{'text': 'UK', 'indices': [102, 105]}, {'text': 'Brexit', 'indices': [106, 113]}, {'text': 'COVID19', 'indices': [114, 122]}, {'text': 'coronavirus', 'indices': [123, 135]}, {'text': 'vaccines', 'indices': [136, 145]}, {'text': 'healthcare', 'indices': [146, 157]}, {'text': 'medicine', 'indices': [158, 167]}, {'text': 'science', 'indices': [168, 176]}, {'text': 'research', 'indices': [177, 186]}, {'text': 'workers', 'indices': [187, 195]}, {'text': 'economy', 'indices': [196, 204]}, {'text': 'politics', 'indices': [205, 214]}, {'text': 'RegionalSecurity', 'indices': [215, 232]}, {'text': 'WHO', 'indices': [233, 237]}]	1
15	3165	@CNN Check out this blog to know what are the different Covid 19 vaccinations in making  and who will get the vaccine first .    https://t.co/KUREQqntcK . #COVID__19 #vaccine #WHO #CoronaVirusDE #COVIDIOTS #coronavirus #COVID19ireland #Corona #coronaviruspandemic #Covaxin #Moderna https://t.co/vQR5j0YGiv	DuaSahildua1	Mon Dec 07 13:35:34 +0000 2020	https://twitter.com/twitter/statuses/1335941020949745665	0	0	[{'text': 'COVID__19', 'indices': [155, 165]}, {'text': 'vaccine', 'indices': [166, 174]}, {'text': 'WHO', 'indices': [175, 179]}, {'text': 'CoronaVirusDE', 'indices': [180, 194]}, {'text': 'COVIDIOTS', 'indices': [195, 205]}, {'text': 'coronavirus', 'indices': [206, 218]}, {'text': 'COVID19ireland', 'indices': [219, 234]}, {'text': 'Corona', 'indices': [235, 242]}, {'text': 'coronaviruspandemic', 'indices': [243, 263]}, {'text': 'Covaxin', 'indices': [264, 272]}, {'text': 'Moderna', 'indices': [273, 281]}]	1
16	3141	@WSJ Check out this blog to know what are the different Covid 19 vaccinations in making  and who will get the vaccine first .    https://t.co/KUREQqntcK . #COVID__19 #vaccine #WHO #CoronaVirusDE #COVIDIOTS #coronavirus #COVID19ireland #Corona #coronaviruspandemic #Covaxin #Moderna https://t.co/jfBJIGL2bo	DuaSahildua1	Mon Dec 07 13:35:13 +0000 2020	https://twitter.com/twitter/statuses/1335940933292978176	0	0	[{'text': 'COVID__19', 'indices': [155, 165]}, {'text': 'vaccine', 'indices': [166, 174]}, {'text': 'WHO', 'indices': [175, 179]}, {'text': 'CoronaVirusDE', 'indices': [180, 194]}, {'text': 'COVIDIOTS', 'indices': [195, 205]}, {'text': 'coronavirus', 'indices': [206, 218]}, {'text': 'COVID19ireland', 'indices': [219, 234]}, {'text': 'Corona', 'indices': [235, 242]}, {'text': 'coronaviruspandemic', 'indices': [243, 263]}, {'text': 'Covaxin', 'indices': [264, 272]}, {'text': 'Moderna', 'indices': [273, 281]}]	1
17	3080	@ANI Check out this blog to know what are the different Covid 19 vaccinations in making  and who will get the vaccine first .    https://t.co/KUREQqntcK . #COVID__19 #vaccine #WHO #CoronaVirusDE #COVIDIOTS #coronavirus #COVID19ireland #Corona #coronaviruspandemic #Covaxin #Moderna https://t.co/qs4b6H9Ne2	DuaSahildua1	Mon Dec 07 13:34:14 +0000 2020	https://twitter.com/twitter/statuses/1335940686013599745	0	0	[{'text': 'COVID__19', 'indices': [155, 165]}, {'text': 'vaccine', 'indices': [166, 174]}, {'text': 'WHO', 'indices': [175, 179]}, {'text': 'CoronaVirusDE', 'indices': [180, 194]}, {'text': 'COVIDIOTS', 'indices': [195, 205]}, {'text': 'coronavirus', 'indices': [206, 218]}, {'text': 'COVID19ireland', 'indices': [219, 234]}, {'text': 'Corona', 'indices': [235, 242]}, {'text': 'coronaviruspandemic', 'indices': [243, 263]}, {'text': 'Covaxin', 'indices': [264, 272]}, {'text': 'Moderna', 'indices': [273, 281]}]	1
18	1369	Bharat Biotech says vaccine efficacious, safe. #covid #vaccine #global #pandemic #lockdown #public #coronavirus #covaxin #safe #india #market #pharmacy #pharmaceuticalindustry #caspr #research https://t.co/FH7lQyYM0n	CASPR_INDIA	Mon Dec 07 13:07:08 +0000 2020	https://twitter.com/twitter/statuses/1335933864963833856	0	1	[{'text': 'covid', 'indices': [47, 53]}, {'text': 'vaccine', 'indices': [54, 62]}, {'text': 'global', 'indices': [63, 70]}, {'text': 'pandemic', 'indices': [71, 80]}, {'text': 'lockdown', 'indices': [81, 90]}, {'text': 'public', 'indices': [91, 98]}, {'text': 'coronavirus', 'indices': [99, 111]}, {'text': 'covaxin', 'indices': [112, 120]}, {'text': 'safe', 'indices': [121, 126]}, {'text': 'india', 'indices': [127, 133]}, {'text': 'market', 'indices': [134, 141]}, {'text': 'pharmacy', 'indices': [142, 151]}, {'text': 'pharmaceuticalindustry', 'indices': [152, 175]}, {'text': 'caspr', 'indices': [176, 182]}, {'text': 'research', 'indices': [183, 192]}]	1
19	858	@ANI Check out this blog to know what are the different Covid 19 vaccinations in making  and who will get the vaccine first .    https://t.co/KUREQqntcK . #COVID__19 #vaccine #WHO #CoronaVirusDE #COVIDIOTS #coronavirus #COVID19ireland #Corona #coronaviruspandemic #Covaxin #Moderna https://t.co/60hNE0G2NT	DuaSahildua1	Mon Dec 07 12:57:47 +0000 2020	https://twitter.com/twitter/statuses/1335931513859293193	0	0	[{'text': 'COVID__19', 'indices': [155, 165]}, {'text': 'vaccine', 'indices': [166, 174]}, {'text': 'WHO', 'indices': [175, 179]}, {'text': 'CoronaVirusDE', 'indices': [180, 194]}, {'text': 'COVIDIOTS', 'indices': [195, 205]}, {'text': 'coronavirus', 'indices': [206, 218]}, {'text': 'COVID19ireland', 'indices': [219, 234]}, {'text': 'Corona', 'indices': [235, 242]}, {'text': 'coronaviruspandemic', 'indices': [243, 263]}, {'text': 'Covaxin', 'indices': [264, 272]}, {'text': 'Moderna', 'indices': [273, 281]}]	1
20	811	"2021 - When we look back fondly at 2020 missing it, because of the ZOMBIE APOCALYPSE caused by the vaccine.

#vaccination #vaccine #COVID19 #COVID #lockdown #viral #humor #Election2020 #realDonaldTrump #BidenWasNotElected #bidenharis2020 #coronavirus #FoxNews #CNN"	RissmillerKevin	Mon Dec 07 12:57:04 +0000 2020	https://twitter.com/twitter/statuses/1335931331759407105	0	0	[{'text': 'vaccination', 'indices': [109, 121]}, {'text': 'vaccine', 'indices': [122, 130]}, {'text': 'COVID19', 'indices': [131, 139]}, {'text': 'COVID', 'indices': [140, 146]}, {'text': 'lockdown', 'indices': [147, 156]}, {'text': 'viral', 'indices': [157, 163]}, {'text': 'humor', 'indices': [164, 170]}, {'text': 'Election2020', 'indices': [171, 184]}, {'text': 'realDonaldTrump', 'indices': [185, 201]}, {'text': 'BidenWasNotElected', 'indices': [202, 221]}, {'text': 'bidenharis2020', 'indices': [222, 237]}, {'text': 'coronavirus', 'indices': [238, 250]}, {'text': 'FoxNews', 'indices': [251, 259]}, {'text': 'CNN', 'indices': [260, 264]}]	1
QUERY: 	country with more cases
Ranking	Tweet	Text	Username	Date	URL	Retweets	Likes	Hashtags	Cluster
 
1	15272	One million cases in 5  days of Covid in the USA. This is so bad and it reflects on our country the irresponsibility of others who do not follow CDC Guidelines. What the hell  is  wrong with our country! We must take care of our country. One Nation under God! #WearAMask  America!	LoisFlanary	Mon Dec 07 16:04:47 +0000 2020	https://twitter.com/twitter/statuses/1335978570066354179	0	0	[{'text': 'WearAMask', 'indices': [260, 270]}]	1
2	16211	RT @imSVithu02: 377 more COVID-19 cases detected, bringing the total number of cases reported today to 703. Total infections in the country‚Ä¶	SLNewsRTBot	Mon Dec 07 16:18:41 +0000 2020	https://twitter.com/twitter/statuses/1335982070854803457	2	0	[]	1
3	4201	"Reported Cases and Deaths by Country, Territory, or Conveyance
The corona virus COVID-19 is affecting 218 countries and territories around the world
#coronavirus 
#CoronaVirusUpdates 
#CoronaVaccine 
#Coronaviruspakistan 
#COVID19 
#COVID 
#COVIDSecondWave 
#Vaccin 
#vaccination https://t.co/RTzzprtHED"	krz2588	Mon Dec 07 13:50:21 +0000 2020	https://twitter.com/twitter/statuses/1335944739976310786	0	0	[{'text': 'coronavirus', 'indices': [149, 161]}, {'text': 'CoronaVirusUpdates', 'indices': [163, 182]}, {'text': 'CoronaVaccine', 'indices': [184, 198]}, {'text': 'Coronaviruspakistan', 'indices': [200, 220]}, {'text': 'COVID19', 'indices': [222, 230]}, {'text': 'COVID', 'indices': [232, 238]}, {'text': 'COVIDSecondWave', 'indices': [240, 256]}, {'text': 'Vaccin', 'indices': [258, 265]}, {'text': 'vaccination', 'indices': [267, 279]}]	1
4	2033	RT @lamaridda: On some days, no country has more new #corona cases than #Turkey. The people suffer not only from the virus but also the #lo‚Ä¶	demian_goldmund	Mon Dec 07 13:17:28 +0000 2020	https://twitter.com/twitter/statuses/1335936467055632384	1	0	[{'text': 'corona', 'indices': [53, 60]}, {'text': 'Turkey', 'indices': [72, 79]}]	1
5	326	"Nepal: With 2 new cases, country‚Äôs tally rises to 245. https://t.co/ebAewb4Yf7 

#Coronavirus #nexnewsnetwork #TBM #TheBroadcastMedia"	nexnewsnetwork	Mon Dec 07 12:48:26 +0000 2020	https://twitter.com/twitter/statuses/1335929160951197700	0	0	[{'text': 'Coronavirus', 'indices': [81, 93]}, {'text': 'nexnewsnetwork', 'indices': [94, 109]}, {'text': 'TBM', 'indices': [110, 114]}, {'text': 'TheBroadcastMedia', 'indices': [115, 133]}]	1
6	2145	RT @WHOWPRO: #COVID19 confirmed cases and deaths reported by countries and areas in the @WHO Western Pacific Region over the past 72 hours.‚Ä¶	pmrnabawan	Mon Dec 07 13:19:48 +0000 2020	https://twitter.com/twitter/statuses/1335937053754716161	15	0	[{'text': 'COVID19', 'indices': [13, 21]}]	1
7	12794	"377 more COVID-19 cases detected, bringing the total number of cases reported today to 703. Total infections in the country increases to 28,580.
#SriLanka #lka #coronavirus #COVID19"	newsradiolk	Mon Dec 07 15:32:37 +0000 2020	https://twitter.com/twitter/statuses/1335970476183625729	5	1	[{'text': 'SriLanka', 'indices': [145, 154]}, {'text': 'lka', 'indices': [155, 159]}, {'text': 'coronavirus', 'indices': [160, 172]}, {'text': 'COVID19', 'indices': [173, 181]}]	1
8	14566	"377 more COVID-19 cases detected, bringing the total number of cases reported today to 703. Total infections in the country increases to 28,580.
#SriLanka #lka #coronavirus #COVID19 #COVID19SL #COVID19LK"	imSVithu02	Mon Dec 07 15:56:21 +0000 2020	https://twitter.com/twitter/statuses/1335976450592161799	2	1	[{'text': 'SriLanka', 'indices': [145, 154]}, {'text': 'lka', 'indices': [155, 159]}, {'text': 'coronavirus', 'indices': [160, 172]}, {'text': 'COVID19', 'indices': [173, 181]}, {'text': 'COVID19SL', 'indices': [182, 192]}, {'text': 'COVID19LK', 'indices': [193, 203]}]	1
9	14193	"Europe‚Äôs #coronavirus surge is shrinking while cases in the US are spiking

Europe appears to be rounding the corner. The 7-day average of newly confirmed cases is trending downward after countries imposed lockdowns or other social-distancing mandates.

https://t.co/nLf82xQaJs https://t.co/5msm3hCdSu"	MicrobesInfect	Mon Dec 07 15:50:58 +0000 2020	https://twitter.com/twitter/statuses/1335975096402333698	3	4	[{'text': 'coronavirus', 'indices': [9, 21]}]	1
10	12680	"@WassimCornet üá©üá™ #Germany's #Bavaria region is pushing for tougher #coronavirus measures as cases remain high despite five weeks of national restrictions.

As @shirlisitbon reports, Bavaria has one of the country's highest number of cases and the worst death toll ‚§µÔ∏è https://t.co/NQTswX4FRS"	France24_en	Mon Dec 07 15:31:13 +0000 2020	https://twitter.com/twitter/statuses/1335970126173233153	12	7	[{'text': 'Germany', 'indices': [17, 25]}, {'text': 'Bavaria', 'indices': [28, 36]}, {'text': 'coronavirus', 'indices': [67, 79]}]	1
11	2036	"12/7/2020 AM #1b: #Covid-19 Cases in USA now 15,161,782 (+176,640, 1.1%)(220,931 Record 12/4/20), 6,014,935 active, 288,962 dead, 26,448 serious or critical, and 8,857,885 recovered
53 countries had over 1,000 new #Covid-19 cases in last 24hrs.
Remember ***** Thanksgiving Week **"	FRC7	Mon Dec 07 13:17:32 +0000 2020	https://twitter.com/twitter/statuses/1335936480406081536	0	0	[{'text': '1b', 'indices': [13, 16]}, {'text': 'Covid', 'indices': [18, 24]}, {'text': 'Covid', 'indices': [214, 220]}]	1
12	13010	"Peliyagoda - Diwulapitiya cluster exceeds 25,000
377 more COVID-19 cases detected, bringing the total number of cases reported today to 703. Total infections in the country increases to 28,580. Cluster - 25,025
#SriLanka #lka #coronavirus #COVID19 #COVID19SL #COVID19LK"	ranganashamil	Mon Dec 07 15:35:24 +0000 2020	https://twitter.com/twitter/statuses/1335971179085983745	3	3	[{'text': 'SriLanka', 'indices': [211, 220]}, {'text': 'lka', 'indices': [221, 225]}, {'text': 'coronavirus', 'indices': [226, 238]}, {'text': 'COVID19', 'indices': [239, 247]}, {'text': 'COVID19SL', 'indices': [248, 258]}, {'text': 'COVID19LK', 'indices': [259, 269]}]	1
13	16010	"New York was previously experiencing the fastest growing #coronavirus cases in the country. Governor Cuomo is hoping to receive a large batch of #vaccines to help vaccinate the most vulnerable groups.
https://t.co/gJbPCJXxnO"	RxSafe	Mon Dec 07 16:15:59 +0000 2020	https://twitter.com/twitter/statuses/1335981389888491521	0	0	[{'text': 'coronavirus', 'indices': [57, 69]}, {'text': 'vaccines', 'indices': [145, 154]}]	1
14	15568	As #COVID-10 cases rise around the country, you can be a part of the solution. Help us learn more about the #coronavirus. If you or someone you know has been exposed to the virus, share your experience at the @IQVIA_global CARE Project. Enroll now at https://t.co/pweR0geGH1	PrometheusRsrch	Mon Dec 07 16:09:34 +0000 2020	https://twitter.com/twitter/statuses/1335979776457265152	0	2	[{'text': 'COVID', 'indices': [3, 9]}, {'text': 'coronavirus', 'indices': [108, 120]}]	1
15	1649	The Health Minister for #Wales has not ruled out introducing another national firebreak for the country ‚Äì saying Wales‚Äô NHS is under ‚Äúconsiderable and sustained pressure‚Äù because of rising #Coronavirus cases - full summary: https://t.co/Lbp2r6MmCx	danwnews	Mon Dec 07 13:11:27 +0000 2020	https://twitter.com/twitter/statuses/1335934949535395840	0	0	[{'text': 'Wales', 'indices': [24, 30]}, {'text': 'Coronavirus', 'indices': [189, 201]}]	1
16	14121	"#Britain geared up to become the first country to roll out the Pfizer-BioNTech #coronavirus vaccine on Tuesday, as southern California locked down 20 million people to ease the burden on hospitals struggling with record cases. #COVID19vaccine
https://t.co/KkQIv3fdeQ"	the_hindu	Mon Dec 07 15:50:03 +0000 2020	https://twitter.com/twitter/statuses/1335974865308880896	6	52	[{'text': 'Britain', 'indices': [0, 8]}, {'text': 'coronavirus', 'indices': [79, 91]}, {'text': 'COVID19vaccine', 'indices': [227, 242]}]	1
17	8906	"An interactive map showing in detail the current Corona hotspots, the places where cases are rising, states where they are falling and countries where they are staying the same. Informative!!!!! #Corona #Pandemic #COVIDSecondWave  #COVID19 #Virus #Vaccine

https://t.co/KA8IjAoZ6e"	pakistaniforeva	Mon Dec 07 14:48:44 +0000 2020	https://twitter.com/twitter/statuses/1335959435232088067	0	0	[{'text': 'Corona', 'indices': [195, 202]}, {'text': 'Pandemic', 'indices': [203, 212]}, {'text': 'COVIDSecondWave', 'indices': [213, 229]}, {'text': 'COVID19', 'indices': [231, 239]}, {'text': 'Virus', 'indices': [240, 246]}, {'text': 'Vaccine', 'indices': [247, 255]}]	1
18	8369	"Balancing Covid and non-Covid care has been an enormous challenge throughout the pandemic - and one that the arrival of winter and another surge of cases has made acutely more difficult. 

So how are other countries coping, and how do we compare? 

Some key trends in my new blog: https://t.co/IEiDYCNrE2"	sjanereed	Mon Dec 07 14:43:31 +0000 2020	https://twitter.com/twitter/statuses/1335958120925945856	10	13	[]	1
19	2005	12/7/2020 AM #1a: Now 67,500,624 #Covid-19 Cases in 218 countries (+503,774, 0.7%)(+713,215 Record 12/5/20), 19,260,472 currently infected, 106,229 are serious or critical (0.6%), 1,543,792 dead (2.2% death rate), 46,696,360 recovered.	FRC7	Mon Dec 07 13:17:07 +0000 2020	https://twitter.com/twitter/statuses/1335936377754677250	0	0	[{'text': '1a', 'indices': [13, 16]}, {'text': 'Covid', 'indices': [33, 39]}]	1
20	14632	@GovernorTomWolf Because of your lockdown, MY MOTHER CAN'T GO TO HER FATHERS DEATHBED. I bet if your dad was dying, that wouldn't be the case. Different rules in this country for the ruling class.  I hope you get whats coming to you .#Tyranny #Hypocrite #lockdown	TheRealBenNeal	Mon Dec 07 15:57:13 +0000 2020	https://twitter.com/twitter/statuses/1335976667404251140	0	0	[{'text': 'Tyranny', 'indices': [234, 242]}, {'text': 'Hypocrite', 'indices': [243, 253]}, {'text': 'lockdown', 'indices': [254, 263]}]	1
QUERY: 	hospital workers
Ranking	Tweet	Text	Username	Date	URL	Retweets	Likes	Hashtags	Cluster
 
1	16463	"Please, everyone #WearAMask !! 

If not for anyone other than our hospital workers who are already stretched so far. https://t.co/IJLzBZs3BW"	HeroHeart2020	Mon Dec 07 16:21:49 +0000 2020	https://twitter.com/twitter/statuses/1335982856871452675	1	1	[{'text': 'WearAMask', 'indices': [17, 27]}]	1
2	13465	Healthcare workers laid off... but, what about this #plandemic ?  Isn‚Äôt the world in #lockdown to help the hospitals not be overwhelmed??? https://t.co/1ibkuCuWCm	LightAscent	Mon Dec 07 15:41:31 +0000 2020	https://twitter.com/twitter/statuses/1335972716118208512	0	0	[{'text': 'plandemic', 'indices': [52, 62]}, {'text': 'lockdown', 'indices': [85, 94]}]	1
3	16357	RT @kellyG124: I don‚Äôt think most people understand what it is like in the hospitals for health care workers.. the hell and heartbreak they‚Ä¶	laurasword	Mon Dec 07 16:20:19 +0000 2020	https://twitter.com/twitter/statuses/1335982481556840448	46	0	[]	1
4	15867	RT @kellyG124: I don‚Äôt think most people understand what it is like in the hospitals for health care workers.. the hell and heartbreak they‚Ä¶	HomebutSafe	Mon Dec 07 16:14:11 +0000 2020	https://twitter.com/twitter/statuses/1335980936253632516	46	0	[]	1
5	15175	RT @kellyG124: I don‚Äôt think most people understand what it is like in the hospitals for health care workers.. the hell and heartbreak they‚Ä¶	ButterflyLove_8	Mon Dec 07 16:03:49 +0000 2020	https://twitter.com/twitter/statuses/1335978328084389897	46	0	[]	1
6	14838	RT @kellyG124: I don‚Äôt think most people understand what it is like in the hospitals for health care workers.. the hell and heartbreak they‚Ä¶	sevignes	Mon Dec 07 16:00:01 +0000 2020	https://twitter.com/twitter/statuses/1335977371967528960	46	0	[]	1
7	14671	RT @kellyG124: I don‚Äôt think most people understand what it is like in the hospitals for health care workers.. the hell and heartbreak they‚Ä¶	nancywa31371553	Mon Dec 07 15:57:51 +0000 2020	https://twitter.com/twitter/statuses/1335976826984947713	46	0	[]	1
8	14250	RT @kellyG124: I don‚Äôt think most people understand what it is like in the hospitals for health care workers.. the hell and heartbreak they‚Ä¶	mssunshine132	Mon Dec 07 15:51:48 +0000 2020	https://twitter.com/twitter/statuses/1335975305362587657	46	0	[]	1
9	14235	RT @kellyG124: I don‚Äôt think most people understand what it is like in the hospitals for health care workers.. the hell and heartbreak they‚Ä¶	EndgameJan21	Mon Dec 07 15:51:41 +0000 2020	https://twitter.com/twitter/statuses/1335975276937940994	46	0	[]	1
10	12949	RT @kellyG124: I don‚Äôt think most people understand what it is like in the hospitals for health care workers.. the hell and heartbreak they‚Ä¶	AFiroz51	Mon Dec 07 15:34:38 +0000 2020	https://twitter.com/twitter/statuses/1335970984898289664	46	0	[]	1
11	12886	RT @kellyG124: I don‚Äôt think most people understand what it is like in the hospitals for health care workers.. the hell and heartbreak they‚Ä¶	larman1s	Mon Dec 07 15:33:44 +0000 2020	https://twitter.com/twitter/statuses/1335970756505821187	46	0	[]	1
12	12666	RT @kellyG124: I don‚Äôt think most people understand what it is like in the hospitals for health care workers.. the hell and heartbreak they‚Ä¶	growe26991	Mon Dec 07 15:31:04 +0000 2020	https://twitter.com/twitter/statuses/1335970085094174721	46	0	[]	1
13	12598	RT @kellyG124: I don‚Äôt think most people understand what it is like in the hospitals for health care workers.. the hell and heartbreak they‚Ä¶	Sbh08Mae	Mon Dec 07 15:30:07 +0000 2020	https://twitter.com/twitter/statuses/1335969847457558528	46	0	[]	1
14	12408	RT @kellyG124: I don‚Äôt think most people understand what it is like in the hospitals for health care workers.. the hell and heartbreak they‚Ä¶	Jay_USMC2	Mon Dec 07 15:27:33 +0000 2020	https://twitter.com/twitter/statuses/1335969202872725504	46	0	[]	1
15	1831	No holding back! The first doses of #coronavirus #vaccine arrives at #UK üá¨üáß #hospital. What does this mean? The doses will be administered to people aged 80 &amp; over, care home workers and NHS workers who are at higher risk the first to receive the jab. A good start to the pandemic https://t.co/w1FWxvL6hi	boxacise4Health	Mon Dec 07 13:14:33 +0000 2020	https://twitter.com/twitter/statuses/1335935729428525058	0	0	[{'text': 'coronavirus', 'indices': [36, 48]}, {'text': 'vaccine', 'indices': [49, 57]}, {'text': 'UK', 'indices': [69, 72]}, {'text': 'hospital', 'indices': [76, 85]}]	1
16	15423	@DonaldJTrumpJr HOSPITALS ARE FULL, HEALTH CARE WORKERS ARE AT. WITS END. AMERICANS ARE DYING AND YOU SPEW THIS CRAP. #COVIDIOTS #COVID19 #coronavirus #Covid_19	BillTruther	Mon Dec 07 16:07:18 +0000 2020	https://twitter.com/twitter/statuses/1335979205939650562	0	0	[{'text': 'COVIDIOTS', 'indices': [118, 128]}, {'text': 'COVID19', 'indices': [129, 137]}, {'text': 'coronavirus', 'indices': [138, 150]}, {'text': 'Covid_19', 'indices': [151, 160]}]	1
17	12697	"Wear the damn mask! If these hospitals and their workers fall then we go down too. They are exhausted, sad, angry, and working in crisis environments. Respect them! And speak out to those you see who act like covidiots.
#MaskUp 
#WearAMask 
#MAGA https://t.co/sJCiBlPq93"	fg_shep	Mon Dec 07 15:31:32 +0000 2020	https://twitter.com/twitter/statuses/1335970204300550146	0	0	[{'text': 'MaskUp', 'indices': [220, 227]}, {'text': 'WearAMask', 'indices': [229, 239]}, {'text': 'MAGA', 'indices': [241, 246]}]	1
18	9331	While trying to keep in the holiday spirit, my heart is with our hospital and front line workers who are tirelessly working to keep our communities safe and healthy.  Please be a patriot, and wear a mask.  #wearamask #thankyoufrontlineworkers #patriotic https://t.co/LWkwr9uh8f	VotePadmaKuppa	Mon Dec 07 14:53:08 +0000 2020	https://twitter.com/twitter/statuses/1335960542553501699	0	4	[{'text': 'wearamask', 'indices': [206, 216]}, {'text': 'thankyoufrontlineworkers', 'indices': [217, 242]}, {'text': 'patriotic', 'indices': [243, 253]}]	1
19	12230	"I don‚Äôt think most people understand what it is like in the hospitals for health care workers.. the hell and heartbreak they endure every shift to keep us alive. 

What seven ICU nurses want Americans to know about COVID 
#demVoice1
#WearAMask  https://t.co/fOIVaKaIsj"	kellyG124	Mon Dec 07 15:25:24 +0000 2020	https://twitter.com/twitter/statuses/1335968662608605186	46	75	[{'text': 'demVoice1', 'indices': [222, 232]}, {'text': 'WearAMask', 'indices': [233, 243]}]	1
QUERY: 	global pandemic
Ranking	Tweet	Text	Username	Date	URL	Retweets	Likes	Hashtags	Cluster
 
1	12272	RT @DrTedros: I fully agree with üá©üá™ Chancellor Merkel: a global pandemic requires a global response. Thank you for your strong support to s‚Ä¶	anthonyd2004	Mon Dec 07 15:26:03 +0000 2020	https://twitter.com/twitter/statuses/1335968822436585475	42	0	[]	1
2	9047	RT @DrTedros: I fully agree with üá©üá™ Chancellor Merkel: a global pandemic requires a global response. Thank you for your strong support to s‚Ä¶	HeatherAnnSP	Mon Dec 07 14:50:18 +0000 2020	https://twitter.com/twitter/statuses/1335959827185422344	42	0	[]	1
3	8674	RT @DrTedros: I fully agree with üá©üá™ Chancellor Merkel: a global pandemic requires a global response. Thank you for your strong support to s‚Ä¶	123jcji	Mon Dec 07 14:46:25 +0000 2020	https://twitter.com/twitter/statuses/1335958849598058496	42	0	[]	1
4	7843	RT @DrTedros: I fully agree with üá©üá™ Chancellor Merkel: a global pandemic requires a global response. Thank you for your strong support to s‚Ä¶	DebbieDamon2	Mon Dec 07 14:38:30 +0000 2020	https://twitter.com/twitter/statuses/1335956858155257856	42	0	[]	1
5	6777	RT @DrTedros: I fully agree with üá©üá™ Chancellor Merkel: a global pandemic requires a global response. Thank you for your strong support to s‚Ä¶	JohnJHigginsEsq	Mon Dec 07 14:26:48 +0000 2020	https://twitter.com/twitter/statuses/1335953914487836672	42	0	[]	1
6	6678	RT @DrTedros: I fully agree with üá©üá™ Chancellor Merkel: a global pandemic requires a global response. Thank you for your strong support to s‚Ä¶	carlvmercer	Mon Dec 07 14:25:36 +0000 2020	https://twitter.com/twitter/statuses/1335953611445112835	42	0	[]	1
7	6092	RT @DrTedros: I fully agree with üá©üá™ Chancellor Merkel: a global pandemic requires a global response. Thank you for your strong support to s‚Ä¶	slotsqueen31	Mon Dec 07 14:18:51 +0000 2020	https://twitter.com/twitter/statuses/1335951914123530242	42	0	[]	1
8	5737	RT @DrTedros: I fully agree with üá©üá™ Chancellor Merkel: a global pandemic requires a global response. Thank you for your strong support to s‚Ä¶	fritzoids	Mon Dec 07 14:13:55 +0000 2020	https://twitter.com/twitter/statuses/1335950670403407879	42	0	[]	1
9	4725	RT @DrTedros: I fully agree with üá©üá™ Chancellor Merkel: a global pandemic requires a global response. Thank you for your strong support to s‚Ä¶	CeesayRosetta	Mon Dec 07 13:59:26 +0000 2020	https://twitter.com/twitter/statuses/1335947028388450307	42	0	[]	1
10	4707	RT @DrTedros: I fully agree with üá©üá™ Chancellor Merkel: a global pandemic requires a global response. Thank you for your strong support to s‚Ä¶	MTaha25	Mon Dec 07 13:59:04 +0000 2020	https://twitter.com/twitter/statuses/1335946934134181889	42	0	[]	1
11	4440	RT @DrTedros: I fully agree with üá©üá™ Chancellor Merkel: a global pandemic requires a global response. Thank you for your strong support to s‚Ä¶	WagneroperaNET	Mon Dec 07 13:54:39 +0000 2020	https://twitter.com/twitter/statuses/1335945822702358528	42	0	[]	1
12	3755	RT @DrTedros: I fully agree with üá©üá™ Chancellor Merkel: a global pandemic requires a global response. Thank you for your strong support to s‚Ä¶	axum_wedi	Mon Dec 07 13:43:38 +0000 2020	https://twitter.com/twitter/statuses/1335943049604698112	42	0	[]	1
13	3552	RT @DrTedros: I fully agree with üá©üá™ Chancellor Merkel: a global pandemic requires a global response. Thank you for your strong support to s‚Ä¶	NatashaPolitics	Mon Dec 07 13:40:44 +0000 2020	https://twitter.com/twitter/statuses/1335942320601116678	42	0	[]	1
14	3462	RT @DrTedros: I fully agree with üá©üá™ Chancellor Merkel: a global pandemic requires a global response. Thank you for your strong support to s‚Ä¶	rougesgorges	Mon Dec 07 13:39:22 +0000 2020	https://twitter.com/twitter/statuses/1335941978647916545	42	0	[]	1
15	3154	RT @DrTedros: I fully agree with üá©üá™ Chancellor Merkel: a global pandemic requires a global response. Thank you for your strong support to s‚Ä¶	werkinwoman	Mon Dec 07 13:35:24 +0000 2020	https://twitter.com/twitter/statuses/1335940977903558656	42	0	[]	1
16	3011	RT @DrTedros: I fully agree with üá©üá™ Chancellor Merkel: a global pandemic requires a global response. Thank you for your strong support to s‚Ä¶	JulieBa73315767	Mon Dec 07 13:33:11 +0000 2020	https://twitter.com/twitter/statuses/1335940420434604033	42	0	[]	1
17	2876	RT @DrTedros: I fully agree with üá©üá™ Chancellor Merkel: a global pandemic requires a global response. Thank you for your strong support to s‚Ä¶	Jk_Sangkrai	Mon Dec 07 13:31:23 +0000 2020	https://twitter.com/twitter/statuses/1335939968225591297	42	0	[]	1
18	2853	RT @DrTedros: I fully agree with üá©üá™ Chancellor Merkel: a global pandemic requires a global response. Thank you for your strong support to s‚Ä¶	hcrffngo	Mon Dec 07 13:31:05 +0000 2020	https://twitter.com/twitter/statuses/1335939893319651328	42	0	[]	1
19	2692	I fully agree with üá©üá™ Chancellor Merkel: a global pandemic requires a global response. Thank you for your strong support to strengthen @WHO &amp; for reminding us at #UNGASS that we can achieve so much, only if we #ACTogether. The @ACTAccelerator is a prime example. https://t.co/gm81z7Rqra	DrTedros	Mon Dec 07 13:29:43 +0000 2020	https://twitter.com/twitter/statuses/1335939547377651713	42	231	[{'text': 'UNGASS', 'indices': [166, 173]}, {'text': 'ACTogether', 'indices': [214, 225]}]	1
20	11727	"Tracking the #Coronavirus
#Vaccines That Will End the #Pandemic (w/Infographics)

https://t.co/jj3xncuLQC
#COVID #Global #World #Immunization"	RonaldTooTall	Mon Dec 07 15:19:03 +0000 2020	https://twitter.com/twitter/statuses/1335967062502612993	0	0	[{'text': 'Coronavirus', 'indices': [13, 25]}, {'text': 'Vaccines', 'indices': [26, 35]}, {'text': 'Pandemic', 'indices': [54, 63]}, {'text': 'COVID', 'indices': [106, 112]}, {'text': 'Global', 'indices': [113, 120]}, {'text': 'World', 'indices': [121, 127]}, {'text': 'Immunization', 'indices': [128, 141]}]	1
QUERY: 	covid deaths
Ranking	Tweet	Text	Username	Date	URL	Retweets	Likes	Hashtags	Cluster
 
1	8876	In our county (pop 60k) past 2 months, 94 deaths, 24 COVID, and 41 outstanding death certificates (unknown causes as of yet). 13 deaths (1known covid, 12 outstanding) in first 5 days of December. #WearAMask	redbird_sam	Mon Dec 07 14:48:27 +0000 2020	https://twitter.com/twitter/statuses/1335959363282857984	1	1	[{'text': 'WearAMask', 'indices': [196, 206]}]	1
2	8532	"NYT COVID Data Tracker Mon., 12.07.2020 - USA | COVID-19 DEATH RATE, after infection, in the USA is 1.90% (‚¨áÔ∏è .02%). NEW DEATHS; 1,111. TOTAL DEATHS; 282,300. 
#WearADamnMask #SchoolsMustShutdown #WearAMask #SocialDistance #COVID19 (‚úîÔ∏è)

[https://t.co/WcZ2SyqroX]"	rattler1978	Mon Dec 07 14:45:09 +0000 2020	https://twitter.com/twitter/statuses/1335958532156497920	0	0	[{'text': 'WearADamnMask', 'indices': [160, 174]}, {'text': 'SchoolsMustShutdown', 'indices': [175, 195]}, {'text': 'WearAMask', 'indices': [196, 206]}, {'text': 'SocialDistance', 'indices': [207, 222]}, {'text': 'COVID19', 'indices': [223, 231]}]	1
3	1024	Death is enviable,  but the death of a man that loved his family and friends, hell loved life, due to Covid is devastating.  üòîüòîüòîüòîüòîüòî #COVID19 #coviddeaths #COVID #myheartbreakes #denial #thefacts #WearAMask	obsidian_writer	Mon Dec 07 13:00:40 +0000 2020	https://twitter.com/twitter/statuses/1335932237662081025	0	2	[{'text': 'COVID19', 'indices': [132, 140]}, {'text': 'coviddeaths', 'indices': [141, 153]}, {'text': 'COVID', 'indices': [154, 160]}, {'text': 'myheartbreakes', 'indices': [161, 176]}, {'text': 'denial', 'indices': [177, 184]}, {'text': 'thefacts', 'indices': [185, 194]}, {'text': 'WearAMask', 'indices': [195, 205]}]	1
4	5974	"And the 1% death rate is another misquoted statistic. 100% of the population has not had COVID yet. You take deaths as a proportion of those infected.

The death rate so far among confirmed cases is 3%, so just triple all of the figures in this thread for 100% infection rate https://t.co/gbE10SYzKQ"	MisterFawx	Mon Dec 07 14:16:56 +0000 2020	https://twitter.com/twitter/statuses/1335951429832466434	0	1	[]	1
5	15506	Three more people have died after testing positive for COVID. The deaths took place in hospitals around Greater Manchester. #coronavirus #Covid #COVID19 #death #GreaterManchester #Hospitals #ManchesterUniversityNHSFoundationTrust #NHS #Salford #SalfrdRoyal https://t.co/ToV70h4T4l https://t.co/lIy2DXM08e	manchestergriff	Mon Dec 07 16:08:36 +0000 2020	https://twitter.com/twitter/statuses/1335979533464432641	1	2	[{'text': 'coronavirus', 'indices': [124, 136]}, {'text': 'Covid', 'indices': [137, 143]}, {'text': 'COVID19', 'indices': [144, 152]}, {'text': 'death', 'indices': [153, 159]}, {'text': 'GreaterManchester', 'indices': [160, 178]}, {'text': 'Hospitals', 'indices': [179, 189]}, {'text': 'ManchesterUniversityNHSFoundationTrust', 'indices': [190, 229]}, {'text': 'NHS', 'indices': [230, 234]}, {'text': 'Salford', 'indices': [235, 243]}, {'text': 'SalfrdRoyal', 'indices': [244, 256]}]	1
6	10881	"Now 280,000+ #deaths in the #UnitedStates due to the #COVID #pandemic.

#WearAMask #WearMaskProtectLife"	EhrenJeff	Mon Dec 07 15:09:43 +0000 2020	https://twitter.com/twitter/statuses/1335964712698216450	0	0	[{'text': 'deaths', 'indices': [13, 20]}, {'text': 'UnitedStates', 'indices': [28, 41]}, {'text': 'COVID', 'indices': [53, 59]}, {'text': 'pandemic', 'indices': [60, 69]}, {'text': 'WearAMask', 'indices': [72, 82]}, {'text': 'WearMaskProtectLife', 'indices': [83, 103]}]	1
7	285	"#Breaking: #CoronaTNUpdate 16 new deaths in past 24 hours! #Coronavirus deaths #TamilNadu Total goes up to 11,809 | 

#COVID #COVID19India #CoronaInTN #CoronaVirus #Corona #CoronaUpdate #GalattaCares"	galattadotcom	Mon Dec 07 12:47:51 +0000 2020	https://twitter.com/twitter/statuses/1335929010828656640	0	0	[{'text': 'Breaking', 'indices': [0, 9]}, {'text': 'CoronaTNUpdate', 'indices': [11, 26]}, {'text': 'Coronavirus', 'indices': [59, 71]}, {'text': 'TamilNadu', 'indices': [79, 89]}, {'text': 'COVID', 'indices': [118, 124]}, {'text': 'COVID19India', 'indices': [125, 138]}, {'text': 'CoronaInTN', 'indices': [139, 150]}, {'text': 'CoronaVirus', 'indices': [151, 163]}, {'text': 'Corona', 'indices': [164, 171]}, {'text': 'CoronaUpdate', 'indices': [172, 185]}, {'text': 'GalattaCares', 'indices': [186, 199]}]	1
8	4454	Give it time. Rudy will increase the COVID death rate among @gop legislators at all levels &amp; in WH. We have 282,314 deaths, S. Korea 549. They have a competent, sane President. @GovWhitmer @nytimes @dananessel @WinnieBrinks @KamalaHarris https://t.co/iZnpfmOzS7	mozartplayer	Mon Dec 07 13:54:48 +0000 2020	https://twitter.com/twitter/statuses/1335945860585283586	0	0	[]	1
9	12265	Some folks on Twitter/MSM post lies about the Covid death toll being 200K. In Aug CDC said it was actually 9K. The rest of deaths, were from OTHER ILLNESSES. When people have unchallenged false info, #lockdown ,forced mask wearing &amp; this happens.... https://t.co/chh7J0iwmC	USPatriotArtist	Mon Dec 07 15:25:58 +0000 2020	https://twitter.com/twitter/statuses/1335968801985359878	0	0	[{'text': 'lockdown', 'indices': [200, 209]}]	1
10	828	@realDonaldTrump Almost 284K deaths due to Covid-19! Do you even care? If so, tell Americans to wear masks &amp; social distance which can prevent many more deaths before you leave office! Go out on a high note! #COVID19 #COVID #CovidRelief #WearAMask #SocialDistance	MajSchroeder	Mon Dec 07 12:57:21 +0000 2020	https://twitter.com/twitter/statuses/1335931401259151362	0	0	[{'text': 'COVID19', 'indices': [212, 220]}, {'text': 'COVID', 'indices': [221, 227]}, {'text': 'CovidRelief', 'indices': [228, 240]}, {'text': 'WearAMask', 'indices': [241, 251]}, {'text': 'SocialDistance', 'indices': [252, 267]}]	1
11	8652	"NYT COVID Data Tracker - Mon., 12.07.2020 | NYT reported 282,300 TOTAL COVID-19 DEATHS | UNITED STATES ESTIMATED DEATHS by RACE: White; 50,411, Hispanic; 55,452, Indigenous; 70,575, Black; 105,863.
#WearAMask #WearADamnMask 
#Genocide #COVID19(‚úîÔ∏è)

[https://t.co/WcZ2SyqroX]"	rattler1978	Mon Dec 07 14:46:11 +0000 2020	https://twitter.com/twitter/statuses/1335958790420770816	0	0	[{'text': 'WearAMask', 'indices': [198, 208]}, {'text': 'WearADamnMask', 'indices': [209, 223]}, {'text': 'Genocide', 'indices': [225, 234]}, {'text': 'COVID19', 'indices': [235, 243]}]	1
12	4417	WHY are we giving airtime to bogus claims about the election and not 10,000 #Coronavirus deaths in 1 week? To keep #MAGA brainwashed? #Trump killed 280,000 already COVID Live Updates: U.S. surpasses 280,000 deaths, 10,000  reported since Dec. 1 https://t.co/gmilGWJi94 via @ABC7NY	JustmeAnybody	Mon Dec 07 13:54:21 +0000 2020	https://twitter.com/twitter/statuses/1335945748672897025	0	0	[{'text': 'Coronavirus', 'indices': [76, 88]}, {'text': 'MAGA', 'indices': [115, 120]}, {'text': 'Trump', 'indices': [134, 140]}]	1
13	11254	"@101_derek @HaveWeAllGoneM1 @TrueNorthCentre Back when Trudeau could have done something. Instead he has all these Covid deaths. for which he bears full responsibility. 

https://t.co/5UzTeGXyMf"	ClimateMalware	Mon Dec 07 15:14:11 +0000 2020	https://twitter.com/twitter/statuses/1335965836536913921	0	0	[]	1
14	30	@FrankyP46290258 @FatEmperor @notyetagm @steelshark66 @Bloodbank991 @BattersWilliam slightly different 60000 died of flu even with a vaccine, now thousands of the 60000 have died WITH covid not because of covid, so covid deaths more like 30k yet 615,000 die in #UK #Wales #England #Scotland every year now even more will die from non #covid illnesses #lockdown	tywynbcfc	Mon Dec 07 12:38:16 +0000 2020	https://twitter.com/twitter/statuses/1335926602346229761	0	0	[{'text': 'UK', 'indices': [261, 264]}, {'text': 'Wales', 'indices': [265, 271]}, {'text': 'England', 'indices': [272, 280]}, {'text': 'Scotland', 'indices': [281, 290]}, {'text': 'covid', 'indices': [334, 340]}, {'text': 'lockdown', 'indices': [351, 360]}]	1
15	13403	Daily US Covid Deaths by County For OR   12-4-20:  Our Covid visualizations provide accurate insight into covid-19 thanks to our data scientists and USAFacts #covidvislualizations #coviddata #smcanalytics #covid19 #coronavirus #covid_19 https://t.co/2VeHWOAIlb	njoyflyfishing	Mon Dec 07 15:40:33 +0000 2020	https://twitter.com/twitter/statuses/1335972475457302531	0	0	[{'text': 'covidvislualizations', 'indices': [158, 179]}, {'text': 'coviddata', 'indices': [180, 190]}, {'text': 'smcanalytics', 'indices': [191, 204]}, {'text': 'covid19', 'indices': [205, 213]}, {'text': 'coronavirus', 'indices': [214, 226]}, {'text': 'covid_19', 'indices': [227, 236]}]	1
16	13285	Daily US Covid Deaths by County For OR   12-4-20:  Our Covid visualizations provide accurate insight into covid-19 thanks to our data scientists and USAFacts #covidvislualizations #coviddata #smcanalytics #covid19 #coronavirus #covid_19 https://t.co/TadA1tiM1j	njoyflyfishing	Mon Dec 07 15:38:56 +0000 2020	https://twitter.com/twitter/statuses/1335972066697179136	0	0	[{'text': 'covidvislualizations', 'indices': [158, 179]}, {'text': 'coviddata', 'indices': [180, 190]}, {'text': 'smcanalytics', 'indices': [191, 204]}, {'text': 'covid19', 'indices': [205, 213]}, {'text': 'coronavirus', 'indices': [214, 226]}, {'text': 'covid_19', 'indices': [227, 236]}]	1
17	7601	Daily US Covid Deaths by County For MA   12-4-20:  Our Covid visualizations provide accurate insight into covid-19 thanks to our data scientists and USAFacts #covidvislualizations #coviddata #smcanalytics #covid19 #coronavirus #covid_19 https://t.co/jP9wyGr3iu	njoyflyfishing	Mon Dec 07 14:36:02 +0000 2020	https://twitter.com/twitter/statuses/1335956236462780416	0	0	[{'text': 'covidvislualizations', 'indices': [158, 179]}, {'text': 'coviddata', 'indices': [180, 190]}, {'text': 'smcanalytics', 'indices': [191, 204]}, {'text': 'covid19', 'indices': [205, 213]}, {'text': 'coronavirus', 'indices': [214, 226]}, {'text': 'covid_19', 'indices': [227, 236]}]	1
18	7429	Daily US Covid Deaths by County For MA   12-4-20:  Our Covid visualizations provide accurate insight into covid-19 thanks to our data scientists and USAFacts #covidvislualizations #coviddata #smcanalytics #covid19 #coronavirus #covid_19 https://t.co/RiI1Ho4R2B	njoyflyfishing	Mon Dec 07 14:34:01 +0000 2020	https://twitter.com/twitter/statuses/1335955729874751488	0	0	[{'text': 'covidvislualizations', 'indices': [158, 179]}, {'text': 'coviddata', 'indices': [180, 190]}, {'text': 'smcanalytics', 'indices': [191, 204]}, {'text': 'covid19', 'indices': [205, 213]}, {'text': 'coronavirus', 'indices': [214, 226]}, {'text': 'covid_19', 'indices': [227, 236]}]	1
19	6868	Daily US Covid Deaths by County For ME   12-4-20:  Our Covid visualizations provide accurate insight into covid-19 thanks to our data scientists and USAFacts #covidvislualizations #coviddata #smcanalytics #covid19 #coronavirus #covid_19 https://t.co/tWxGQidnub	njoyflyfishing	Mon Dec 07 14:27:54 +0000 2020	https://twitter.com/twitter/statuses/1335954188430319618	0	0	[{'text': 'covidvislualizations', 'indices': [158, 179]}, {'text': 'coviddata', 'indices': [180, 190]}, {'text': 'smcanalytics', 'indices': [191, 204]}, {'text': 'covid19', 'indices': [205, 213]}, {'text': 'coronavirus', 'indices': [214, 226]}, {'text': 'covid_19', 'indices': [227, 236]}]	1
20	6705	Daily US Covid Deaths by County For ME   12-4-20:  Our Covid visualizations provide accurate insight into covid-19 thanks to our data scientists and USAFacts #covidvislualizations #coviddata #smcanalytics #covid19 #coronavirus #covid_19 https://t.co/lsKhHreMy4	njoyflyfishing	Mon Dec 07 14:25:56 +0000 2020	https://twitter.com/twitter/statuses/1335953695381417984	0	0	[{'text': 'covidvislualizations', 'indices': [158, 179]}, {'text': 'coviddata', 'indices': [180, 190]}, {'text': 'smcanalytics', 'indices': [191, 204]}, {'text': 'covid19', 'indices': [205, 213]}, {'text': 'coronavirus', 'indices': [214, 226]}, {'text': 'covid_19', 'indices': [227, 236]}]	1
QUERY: 	stayhome in christmas
Ranking	Tweet	Text	Username	Date	URL	Retweets	Likes	Hashtags	Cluster
 
1	9572	"@poozwah Regrettably, this will probably turn out to be true. They talk about the left trying to ""cancel Christmas"". The real Christmas thieves are those that refuse to #WearAMask, endangering themselves and others in the process. They are why we have to #StayHome."	Dadilicious2	Mon Dec 07 14:55:38 +0000 2020	https://twitter.com/twitter/statuses/1335961170717470724	0	1	[{'text': 'WearAMask', 'indices': [169, 179]}, {'text': 'StayHome', 'indices': [255, 264]}]	1
2	7888	"@AZDogMom1 It's going to be a grim December in ""Arizona's Christmas City"". 
#StayHome 
#MaskUpAZ"	luxtempo	Mon Dec 07 14:38:59 +0000 2020	https://twitter.com/twitter/statuses/1335956978800050183	0	1	[{'text': 'StayHome', 'indices': [76, 85]}, {'text': 'MaskUpAZ', 'indices': [87, 96]}]	1
3	14873	"I Saw Three Ships

#musisi #musisimalang #dirumahaja #christmas #musician #stayhome @ Nugroho https://t.co/scoByXQCoe"	NugNux	Mon Dec 07 16:00:15 +0000 2020	https://twitter.com/twitter/statuses/1335977430536712192	0	0	[{'text': 'musisi', 'indices': [19, 26]}, {'text': 'musisimalang', 'indices': [27, 40]}, {'text': 'dirumahaja', 'indices': [41, 52]}, {'text': 'christmas', 'indices': [53, 63]}, {'text': 'musician', 'indices': [64, 73]}, {'text': 'stayhome', 'indices': [74, 83]}]	1
4	14511	#MarkedByCOVID Christmas it going to be a rough holiday for so many of us. Please #StayHome #COVIDisNotAGame https://t.co/coDJvDkKXu	readingswan	Mon Dec 07 15:55:31 +0000 2020	https://twitter.com/twitter/statuses/1335976238884794368	3	26	[{'text': 'MarkedByCOVID', 'indices': [0, 14]}, {'text': 'StayHome', 'indices': [82, 91]}, {'text': 'COVIDisNotAGame', 'indices': [92, 108]}]	1
5	6627	A teddy worthy of the spotlight! https://t.co/sln1TSEyQt #NaughtyandNiceLingerie #FreeShipping #LocalPickup #ShopSmall #ShopFromHome #StayHome #StaySafe #Christmas	naughtyandnice	Mon Dec 07 14:25:06 +0000 2020	https://twitter.com/twitter/statuses/1335953484395458560	0	0	[{'text': 'NaughtyandNiceLingerie', 'indices': [57, 80]}, {'text': 'FreeShipping', 'indices': [81, 94]}, {'text': 'LocalPickup', 'indices': [95, 107]}, {'text': 'ShopSmall', 'indices': [108, 118]}, {'text': 'ShopFromHome', 'indices': [119, 132]}, {'text': 'StayHome', 'indices': [133, 142]}, {'text': 'StaySafe', 'indices': [143, 152]}, {'text': 'Christmas', 'indices': [153, 163]}]	1
6	8025	@Bsand19781 Selfish people are why we have to #StayHome for Christmas. If people would just suck it up and do as they should, we'd start turning this around.	Dadilicious2	Mon Dec 07 14:40:09 +0000 2020	https://twitter.com/twitter/statuses/1335957271642161153	0	1	[{'text': 'StayHome', 'indices': [46, 55]}]	1
7	13660	All I want for Christmas is a vaccine dude! I just want people to go back to normal. Everyone has been EXTRA dickish lately. üòÇüòÇüòÇ #stayhigh fam. #stayhome	skioko_hoops	Mon Dec 07 15:44:09 +0000 2020	https://twitter.com/twitter/statuses/1335973381527773187	0	0	[{'text': 'stayhigh', 'indices': [129, 138]}, {'text': 'stayhome', 'indices': [144, 153]}]	1
8	2986	Happy Monday everyone! Have a lovely day! üòÉüêæ #mondaythoughts #mondaymorning #advent #door7 #dogfashion #princessandthepug #robin #Christmas #lockdownuk #stayhome #staysafe #dogsoftwitter #dogsofinstagram https://t.co/0ByERGIs54	hollyrustipug14	Mon Dec 07 13:32:52 +0000 2020	https://twitter.com/twitter/statuses/1335940338817650689	5	76	[{'text': 'mondaythoughts', 'indices': [45, 60]}, {'text': 'mondaymorning', 'indices': [61, 75]}, {'text': 'advent', 'indices': [76, 83]}, {'text': 'door7', 'indices': [84, 90]}, {'text': 'dogfashion', 'indices': [91, 102]}, {'text': 'princessandthepug', 'indices': [103, 121]}, {'text': 'robin', 'indices': [122, 128]}, {'text': 'Christmas', 'indices': [129, 139]}, {'text': 'lockdownuk', 'indices': [140, 151]}, {'text': 'stayhome', 'indices': [152, 161]}, {'text': 'staysafe', 'indices': [162, 171]}, {'text': 'dogsoftwitter', 'indices': [172, 186]}, {'text': 'dogsofinstagram', 'indices': [187, 203]}]	1
9	10910	"Be the hostess with the mostest: 
Extra seats for inside or outside.

Rent a garden lounger, and we'll deliver for free.

Download the WhyBuy app: https://t.co/E9Zz1DtOUr
Discount code: SANTA

#Christmas #Christmas2020 #mondaythoughts #StayHome #London #ChristmasIsComing https://t.co/3g86qhWtuu"	SoWhyBuy	Mon Dec 07 15:10:00 +0000 2020	https://twitter.com/twitter/statuses/1335964784693563394	0	0	[{'text': 'Christmas', 'indices': [193, 203]}, {'text': 'Christmas2020', 'indices': [204, 218]}, {'text': 'mondaythoughts', 'indices': [219, 234]}, {'text': 'StayHome', 'indices': [235, 244]}, {'text': 'London', 'indices': [245, 252]}, {'text': 'ChristmasIsComing', 'indices': [253, 271]}]	1
10	4784	"7th day of Christmas Special. She will thank you for this one, trust me! #loungewear #sleepwear #fashion #pajamas #nightwear  #pjs #style #stayhome #lingerie  #comfy #onlineshopping #nightsuit #shoplocal #lounge #shorts #smallbusiness #nightsuits  #bhfyp

https://t.co/iKkWo3hFH3 https://t.co/hUmVPpyQqY"	Splurgdstudio1	Mon Dec 07 14:00:03 +0000 2020	https://twitter.com/twitter/statuses/1335947180700405761	0	1	[{'text': 'loungewear', 'indices': [73, 84]}, {'text': 'sleepwear', 'indices': [85, 95]}, {'text': 'fashion', 'indices': [96, 104]}, {'text': 'pajamas', 'indices': [105, 113]}, {'text': 'nightwear', 'indices': [114, 124]}, {'text': 'pjs', 'indices': [126, 130]}, {'text': 'style', 'indices': [131, 137]}, {'text': 'stayhome', 'indices': [138, 147]}, {'text': 'lingerie', 'indices': [148, 157]}, {'text': 'comfy', 'indices': [159, 165]}, {'text': 'onlineshopping', 'indices': [166, 181]}, {'text': 'nightsuit', 'indices': [182, 192]}, {'text': 'shoplocal', 'indices': [193, 203]}, {'text': 'lounge', 'indices': [204, 211]}, {'text': 'shorts', 'indices': [212, 219]}, {'text': 'smallbusiness', 'indices': [220, 234]}, {'text': 'nightsuits', 'indices': [235, 246]}, {'text': 'bhfyp', 'indices': [248, 254]}]	1
11	626	@UprightSiddy Yes, many times. Most recent Christmas did mini gingerbread homes so all my nieces and nephews could decorate their own. I built them night before so wouldn't fall apart on them. This year none of us will be visiting with any family as we want to keep everyone safe #StayHome	6ixWeTheNorth	Mon Dec 07 12:53:48 +0000 2020	https://twitter.com/twitter/statuses/1335930510720294914	0	0	[{'text': 'StayHome', 'indices': [280, 289]}]	1
12	15050	"Wanna make your own Christmas Carol desserts? I think my red carousel design desserts with fluffy toasted meringue topping would be a nice addition to your dessert table this season! Are you interested? üé†üòÉüéÑ
#christmasdessert #stayhome #easyrecipes #xmas #carol #desserttable https://t.co/cFJjFRrdFm"	MarijaCrow	Mon Dec 07 16:02:14 +0000 2020	https://twitter.com/twitter/statuses/1335977930472697861	1	3	[{'text': 'christmasdessert', 'indices': [207, 224]}, {'text': 'stayhome', 'indices': [225, 234]}, {'text': 'easyrecipes', 'indices': [235, 247]}, {'text': 'xmas', 'indices': [248, 253]}, {'text': 'carol', 'indices': [254, 260]}, {'text': 'desserttable', 'indices': [261, 274]}]	1
QUERY: 	test results
Ranking	Tweet	Text	Username	Date	URL	Retweets	Likes	Hashtags	Cluster
 
1	1994	Well to be far, due to lake of test results they are not sure if hope will be a result. https://t.co/CXDGIr9jLQ	Josheeley	Mon Dec 07 13:17:02 +0000 2020	https://twitter.com/twitter/statuses/1335936357521367040	0	0	[]	1
2	639	"RT @WHOTimorLeste: A negative #COVID19 test result doesn‚Äôt make us invincible!
‚úîÔ∏èNo test is perfectly accurate 100% of the time
‚úîÔ∏èTests can‚Ä¶"	mathur_niketa	Mon Dec 07 12:53:56 +0000 2020	https://twitter.com/twitter/statuses/1335930543133736973	2	0	[{'text': 'COVID19', 'indices': [30, 38]}]	1
3	14921	RT @neverending_joy: @ltgrusselhonore @KamalaHarris No more waiting several days for test results for #Covid_19. The General is correct, we‚Ä¶	Evcoc54	Mon Dec 07 16:00:37 +0000 2020	https://twitter.com/twitter/statuses/1335977522731884549	11	0	[{'text': 'Covid_19', 'indices': [102, 111]}]	1
4	14875	RT @neverending_joy: @ltgrusselhonore @KamalaHarris No more waiting several days for test results for #Covid_19. The General is correct, we‚Ä¶	KrisPaap	Mon Dec 07 16:00:16 +0000 2020	https://twitter.com/twitter/statuses/1335977437071613953	11	0	[{'text': 'Covid_19', 'indices': [102, 111]}]	1
5	14785	RT @neverending_joy: @ltgrusselhonore @KamalaHarris No more waiting several days for test results for #Covid_19. The General is correct, we‚Ä¶	carrybeyond	Mon Dec 07 15:59:33 +0000 2020	https://twitter.com/twitter/statuses/1335977254124478464	11	0	[{'text': 'Covid_19', 'indices': [102, 111]}]	1
6	14753	RT @neverending_joy: @ltgrusselhonore @KamalaHarris No more waiting several days for test results for #Covid_19. The General is correct, we‚Ä¶	PamFowler62	Mon Dec 07 15:58:57 +0000 2020	https://twitter.com/twitter/statuses/1335977101988683779	11	0	[{'text': 'Covid_19', 'indices': [102, 111]}]	1
7	14713	RT @neverending_joy: @ltgrusselhonore @KamalaHarris No more waiting several days for test results for #Covid_19. The General is correct, we‚Ä¶	ltgrusselhonore	Mon Dec 07 15:58:26 +0000 2020	https://twitter.com/twitter/statuses/1335976973655478275	11	0	[{'text': 'Covid_19', 'indices': [102, 111]}]	1
8	7965	The Lateral Flow Test - a first line of defence in the fight against #coronavirus. Boxes of 40 tests available NOW! Results within 15-20 mins. Only  ¬£19.99 + VAT per test. Minimum order 1 box.  https://t.co/x6Mzr4RXja #covid19 https://t.co/UCue8gT4K5	MediInnUkLtd	Mon Dec 07 14:39:39 +0000 2020	https://twitter.com/twitter/statuses/1335957147532877825	0	0	[{'text': 'coronavirus', 'indices': [69, 81]}, {'text': 'covid19', 'indices': [218, 226]}]	1
9	9597	"@NYGovCuomo A rapid #PCR test  is done, if it tests positive: A 2nd swab test is done that goes to the State. 3-4 days later the results come back negative. 

Patient shows no symptoms meaning their asymptomatic.

Media counts it as an infection &amp; doesn't uncount 1st false postive PCR test. https://t.co/YaCB1TNl0S"	occupycorruptDC	Mon Dec 07 14:55:56 +0000 2020	https://twitter.com/twitter/statuses/1335961244218646529	39	54	[{'text': 'PCR', 'indices': [20, 24]}]	1
10	5156	Worried about workforce downtime due to #Covid19? The simple solution is the Novel Coronavirus 2019-nCoV Antigen Test - Lateral Flow Test.  Results within 15-20 mins = Peace of mind! #BizHour #coronavirus #lateralflowtest  https://t.co/WDH7MnFBwZ https://t.co/77q83Xr5NL	MediInnUkLtd	Mon Dec 07 14:05:10 +0000 2020	https://twitter.com/twitter/statuses/1335948470579032071	0	3	[{'text': 'Covid19', 'indices': [40, 48]}, {'text': 'BizHour', 'indices': [183, 191]}, {'text': 'coronavirus', 'indices': [192, 204]}, {'text': 'lateralflowtest', 'indices': [205, 221]}]	1
11	12869	Care home giant Balhousie trials new Covid-19 test with results in 30 minute in Tayside https://t.co/eRHOppIK9B #coronavirus #covid19	corona_scotnews	Mon Dec 07 15:33:32 +0000 2020	https://twitter.com/twitter/statuses/1335970708589973509	0	0	[{'text': 'coronavirus', 'indices': [112, 124]}, {'text': 'covid19', 'indices': [125, 133]}]	1
12	16356	"With @LabCorp having a #COVID19 #PCR test cycle threshold of 40, where the norm is 25, practically everyone in Guilford County is getting a false positive result.

#Hops #Lawndale #gsopol #ncpol"	FecundStench	Mon Dec 07 16:20:19 +0000 2020	https://twitter.com/twitter/statuses/1335982480965382144	1	0	[{'text': 'COVID19', 'indices': [23, 31]}, {'text': 'PCR', 'indices': [32, 36]}, {'text': 'Hops', 'indices': [164, 169]}, {'text': 'Lawndale', 'indices': [170, 179]}, {'text': 'gsopol', 'indices': [180, 187]}, {'text': 'ncpol', 'indices': [188, 194]}]	1
13	14993	@CVSHealth @cvspharmacy  took a Covid  test on 12/1 went through the lab since it said they were low on rapid results. A week tomorrow. No word. Pick up your game #COVID-19 #cvs #labtest #notimpressed #poorcustomerservice	janegrace70	Mon Dec 07 16:01:32 +0000 2020	https://twitter.com/twitter/statuses/1335977752990785536	1	1	[{'text': 'COVID', 'indices': [163, 169]}, {'text': 'cvs', 'indices': [173, 177]}, {'text': 'labtest', 'indices': [178, 186]}, {'text': 'notimpressed', 'indices': [187, 200]}, {'text': 'poorcustomerservice', 'indices': [201, 221]}]	1
14	13534	"Important.
External peer review of the RTPCR test to detect SARS-CoV-2 reveals 10 major scientific flaws at the molecular and methodological level: consequences for false positive results.
See link below. https://t.co/akk68etqH2"	Charlotte3003G	Mon Dec 07 15:42:25 +0000 2020	https://twitter.com/twitter/statuses/1335972942405103621	24	34	[]	1
15	16526	After 9 miserable months of the #Coronavirus nightmare, is there a US national standard for testing people without symptoms, including test timing‚Äîhow many days after assumed or suspected exposure to the virus‚Äîand lab analysis protocols, in order to avoid false positive results?	ForeignC	Mon Dec 07 16:22:40 +0000 2020	https://twitter.com/twitter/statuses/1335983071846428675	0	1	[{'text': 'Coronavirus', 'indices': [32, 44]}]	1
16	12471	@ltgrusselhonore @KamalaHarris No more waiting several days for test results for #Covid_19. The General is correct, we need systematic testing at home with kits available &amp; training on how to use them correctly. Agree with the 100 days of #WearAMask now need #DPA ‚òÆÔ∏èüçÄüíô	neverending_joy	Mon Dec 07 15:28:29 +0000 2020	https://twitter.com/twitter/statuses/1335969437887807488	11	32	[{'text': 'Covid_19', 'indices': [81, 90]}, {'text': 'WearAMask', 'indices': [243, 253]}, {'text': 'DPA', 'indices': [263, 267]}]	1
17	13106	@IrishVoice1 @Independent_ie Ciara Kelly finally considering #COVID19 debate? There is no real medical evidence available for #NPHET to recommend Level 5 Restrictions. #PCR Test gives 90%+ False Positive Results so MSM announcing huge increase in ‚Äúcases‚Äù is major part of problem.  https://t.co/aL1230jERG	duzBme	Mon Dec 07 15:36:36 +0000 2020	https://twitter.com/twitter/statuses/1335971481499693057	0	0	[{'text': 'COVID19', 'indices': [61, 69]}, {'text': 'NPHET', 'indices': [126, 132]}, {'text': 'PCR', 'indices': [168, 172]}]	1
QUERY: 	#wearamask
Ranking	Tweet	Text	Username	Date	URL	Retweets	Likes	Hashtags	Cluster
 
1	15149	Why we should #wearamask. https://t.co/3XipV6QpV0	Blooloop	Mon Dec 07 16:03:31 +0000 2020	https://twitter.com/twitter/statuses/1335978253971054600	0	1	[{'text': 'wearamask', 'indices': [14, 24]}]	1
2	12557	Why we should all #WearAMask https://t.co/Ca5CroRPIY	kathyluwho	Mon Dec 07 15:29:43 +0000 2020	https://twitter.com/twitter/statuses/1335969747607891968	0	0	[{'text': 'WearAMask', 'indices': [18, 28]}]	1
3	6170	What not to do #WearAMask https://t.co/ywNrJQGi5l	Stefanienewone	Mon Dec 07 14:20:14 +0000 2020	https://twitter.com/twitter/statuses/1335952262632361985	0	0	[{'text': 'WearAMask', 'indices': [15, 25]}]	1
4	1630	This is why you #WearAMask https://t.co/tsPKPq46MR	markthehare	Mon Dec 07 13:11:14 +0000 2020	https://twitter.com/twitter/statuses/1335934896926232577	0	0	[{'text': 'WearAMask', 'indices': [16, 26]}]	1
5	16102	We know this!!! #WearAMask https://t.co/2rY2DGUCbf	KaeGrayDance	Mon Dec 07 16:17:19 +0000 2020	https://twitter.com/twitter/statuses/1335981725709701120	0	0	[{'text': 'WearAMask', 'indices': [16, 26]}]	1
6	12613	#WearAMask please.. https://t.co/11sMc9qU8V	bigorangefan55	Mon Dec 07 15:30:21 +0000 2020	https://twitter.com/twitter/statuses/1335969906312048640	0	2	[{'text': 'WearAMask', 'indices': [0, 10]}]	1
7	12098	Please #WearAMask https://t.co/a1a2Azp6SG	hodgins_debra	Mon Dec 07 15:23:44 +0000 2020	https://twitter.com/twitter/statuses/1335968242691694594	0	0	[{'text': 'WearAMask', 'indices': [7, 17]}]	1
8	12032	RT @sparvhok: WHO says #WearAMask	MickegssonMg	Mon Dec 07 15:22:56 +0000 2020	https://twitter.com/twitter/statuses/1335968038605234177	1	0	[{'text': 'WearAMask', 'indices': [23, 33]}]	1
9	11404	@govkristinoem Also, #WearAMask	System_is_broke	Mon Dec 07 15:15:32 +0000 2020	https://twitter.com/twitter/statuses/1335966177881952256	0	2	[{'text': 'WearAMask', 'indices': [21, 31]}]	1
10	10978	WHO says #WearAMask https://t.co/FCd64DKnEl	sparvhok	Mon Dec 07 15:10:39 +0000 2020	https://twitter.com/twitter/statuses/1335964949177372675	1	5	[{'text': 'WearAMask', 'indices': [9, 19]}]	1
11	6351	#WearAMask to conform https://t.co/HeNTvUpViq	GGin701	Mon Dec 07 14:22:20 +0000 2020	https://twitter.com/twitter/statuses/1335952787641921537	0	0	[{'text': 'WearAMask', 'indices': [0, 10]}]	1
12	5596	#WearAMask ... not according to the WHO ü§î https://t.co/Sr6QdzGsWQ	GGin701	Mon Dec 07 14:11:52 +0000 2020	https://twitter.com/twitter/statuses/1335950157335191554	0	0	[{'text': 'WearAMask', 'indices': [0, 10]}]	1
13	4396	Please #WearAMask https://t.co/49kBDDB4Lx	smartblonde0670	Mon Dec 07 13:53:53 +0000 2020	https://twitter.com/twitter/statuses/1335945630569656321	0	0	[{'text': 'WearAMask', 'indices': [7, 17]}]	1
14	3945	"Please #WearAMask. 
https://t.co/qxYOxrhipB"	CruzControl72	Mon Dec 07 13:46:18 +0000 2020	https://twitter.com/twitter/statuses/1335943720789798915	0	1	[{'text': 'WearAMask', 'indices': [7, 17]}]	1
15	2278	RT @EmilyMarie82: This is SO Me!! üòÖüòÖüòÖ but yeah #WearAMask	staring_teeth	Mon Dec 07 13:22:06 +0000 2020	https://twitter.com/twitter/statuses/1335937632006787074	1	0	[{'text': 'WearAMask', 'indices': [47, 57]}]	1
16	581	@Eliana_bovenje Lord #WearAMask	nehpazojArchieH	Mon Dec 07 12:53:10 +0000 2020	https://twitter.com/twitter/statuses/1335930350409801732	0	1	[{'text': 'WearAMask', 'indices': [21, 31]}]	1
17	2703	"@realDonaldTrump 
You rigged the 2016 election!
You can't believe 
YOU FAILED rigging the 2020 election!!
The attempt to dismantle the post office, the voter suppression &amp; LIES on social media.
WE STOPPED IT!!
NOW ON TO COVID!!
#WearAMask 
#WearAMask 
#WearAMask"	klwalkersells	Mon Dec 07 13:29:54 +0000 2020	https://twitter.com/twitter/statuses/1335939593623912449	0	0	[{'text': 'WearAMask', 'indices': [232, 242]}, {'text': 'WearAMask', 'indices': [244, 254]}, {'text': 'WearAMask', 'indices': [256, 266]}]	1
18	16533	Please if you can #StayHomeSaveLives #WearAMask https://t.co/J7k3asyuiy	JLafulana	Mon Dec 07 16:22:48 +0000 2020	https://twitter.com/twitter/statuses/1335983105031561216	0	0	[{'text': 'StayHomeSaveLives', 'indices': [18, 36]}, {'text': 'WearAMask', 'indices': [37, 47]}]	1
19	16142	Good Lord.  #WearAMask https://t.co/dVSDv2a2IO	LauraGrady7	Mon Dec 07 16:17:58 +0000 2020	https://twitter.com/twitter/statuses/1335981890042519564	0	0	[{'text': 'WearAMask', 'indices': [12, 22]}]	1
20	15851	#WearAMask when you go to the store. https://t.co/ApDLwKQwzp	HealthNYGov	Mon Dec 07 16:14:00 +0000 2020	https://twitter.com/twitter/statuses/1335980890262970375	2	5	[{'text': 'WearAMask', 'indices': [0, 10]}]	1
